,District,Dem2018,Rep2018,party,voteshare,TRUMP.SCORE,Inc_fname,Inc_lname,inc_year_elected,inc_birth,inc_gender,inc_lgbtq,Clinton_2016,Trump_2016,Obama_2012,Romney_2012,Obama_2008,McCain_2008,HouseD_2016,HouseR_2016,HouseR_2014,HouseR_2012,White,Black,Latino,Asian,Native,Other,BA,BA_WHite,Med_Income,Rep.forecast,State,Leg_Mar
0,CT-1,63.9,35.0,D,67.26,25.0,John,Larson,1998.0,1948,Man,No,59.4,36.3,63.3,35.6,65.8,32.9,64.1,33.8,36.1,28.5,69.9,12.8,13.1,2.7,0.1,1.4,36.8,42.7,70215.0,32.74,CT,Med
1,CT-2,62.2,35.4,D,64.74,25.3,Joe,Courtney,2006.0,1953,Man,No,48.7,45.8,55.9,42.6,58.6,40.0,63.2,33.7,35.5,30.1,86.4,3.5,5.9,2.2,0.2,1.8,35.1,36.3,74784.0,35.26,CT,Med
2,CT-3,64.5,35.5,D,70.47,19.1,Rosa,DeLauro,1990.0,1943,Woman,No,55.9,40.4,62.6,36.3,62.6,36.2,69.0,31.0,32.9,25.3,73.0,12.3,10.5,2.7,0.2,1.3,36.2,39.9,67774.0,29.53,CT,Med
3,CT-4,61.2,38.8,D,65.26,27.8,Jim,Himes,2008.0,1966,Man,No,59.6,36.6,55.1,44.0,59.6,39.7,59.9,40.1,46.3,40.0,71.4,11.5,12.5,3.6,0.1,0.8,48.8,60.7,94862.0,34.74,CT,Med
4,HI-2,77.4,22.6,D,79.35,23.9,Tulsi,Gabbard,2012.0,1981,Woman,No,61.4,29.6,71.4,26.7,73.4,24.9,81.2,18.8,74.7,19.5,33.7,1.6,9.2,35.9,0.2,19.5,27.8,42.6,70867.0,20.65,HI,Med
5,RI-1,66.7,33.1,D,71.62,19.6,David,Cicilline,2010.0,1961,Man,Gay,60.5,34.9,66.2,32.2,66.6,31.8,64.5,35.1,60.2,43.5,79.0,6.3,10.5,2.2,0.4,1.6,34.2,38.7,56547.0,28.38,RI,Med
6,RI-2,63.5,36.3,D,69.16,25.3,Jim,Langevin,2000.0,1964,Man,No,51.1,44.0,59.8,38.3,59.9,38.3,58.1,30.7,82.7,38.7,85.7,3.3,7.2,2.2,0.4,1.2,34.0,36.5,63976.0,30.84,RI,Med
7,AZ-1,53.9,46.1,D,54.18,53.8,Tom,O'Halleran,2016.0,1946,Man,No,46.6,47.7,47.9,50.4,47.8,51.0,50.7,43.4,47.4,48.1,56.1,2.2,17.1,1.3,21.8,1.6,24.5,34.2,50537.0,45.82,AZ,Med
8,AZ-3,63.4,36.6,D,69.52,8.6,Raúl,Grijalva,2002.0,1948,Man,No,62.4,32.5,61.4,36.9,58.2,40.7,88.1,0.0,44.2,38.9,37.5,5.0,51.1,1.7,3.5,1.3,16.5,26.9,44224.0,30.48,AZ,Med
9,AZ-4,30.5,68.2,R,62.6,79.3,Paul,Gosar,2010.0,1958,Man,No,27.5,67.7,31.0,67.2,34.4,64.2,28.5,71.5,70.0,70.2,81.8,1.7,12.6,1.1,1.5,1.4,19.2,20.5,49466.0,62.6,AZ,Med
10,AZ-5,40.6,59.4,R,63.81,74.2,Andy,Biggs,2016.0,1958,Man,No,36.5,57.6,34.6,63.8,36.3,62.6,35.9,64.1,69.6,67.2,78.0,2.9,13.3,3.7,0.8,1.4,36.0,37.5,71693.0,63.81,AZ,Med
11,AZ-6,44.7,55.3,R,54.72,90.3,David,Schweikert,2010.0,1962,Man,No,42.4,52.4,38.8,59.5,41.2,57.7,37.9,62.1,64.9,64.8,81.4,2.5,10.3,3.0,1.4,1.4,45.4,48.5,67830.0,54.72,AZ,Med
12,AZ-8,44.4,55.6,R,52.29,95.5,Debbie,Lesko,2018.0,1958,Woman,No,37.0,58.1,36.9,61.7,38.4,60.6,0.0,68.5,75.8,64.4,76.2,4.2,14.6,2.7,0.7,1.5,29.4,31.3,61754.0,52.29,AZ,Med
13,AR-1,28.7,69.1,R,62.71,97.8,Rick,Crawford,2010.0,1966,Man,No,30.2,65.0,36.3,61.0,39.2,58.0,0.0,76.3,63.3,59.0,79.6,16.9,1.8,0.3,0.4,1.1,16.5,17.6,40492.0,62.71,AR,Med
14,AR-2,45.8,52.1,R,51.99,96.7,French,Hill,2014.0,1956,Man,No,41.7,52.4,42.9,54.7,44.3,53.8,36.8,58.3,51.9,58.3,73.7,21.2,2.4,1.0,0.3,1.4,30.0,32.5,49498.0,51.99,AR,Med
15,AR-3,32.5,64.9,R,61.45,98.9,Steve,Womack,2010.0,1957,Man,No,30.5,61.9,31.6,65.5,33.9,63.9,0.0,77.3,79.4,100.0,86.2,2.9,5.9,1.9,1.1,2.0,26.9,28.8,47903.0,61.45,AR,Med
16,AR-4,31.3,66.7,R,62.05,93.5,Bruce,Westerman,2014.0,1967,Man,No,31.3,64.2,35.9,61.8,37.4,59.9,0.0,74.9,53.7,61.9,76.5,19.1,2.2,0.4,0.6,1.2,15.8,17.0,39586.0,62.05,AR,Med
17,DE-1,64.5,35.5,D,61.86,25.8,Lisa,Blunt Rochester,2016.0,1962,Woman,No,53.4,41.9,58.6,40.0,61.9,36.9,55.5,41.0,36.8,34.2,70.5,20.6,5.1,2.2,0.3,1.3,31.0,33.8,61757.0,38.14,DE,Med
18,FL-1,32.9,67.1,R,70.32,81.5,Matt,Gaetz,2016.0,1982,Man,No,28.2,67.5,30.1,68.5,32.0,66.8,30.9,69.1,70.1,71.9,77.5,12.8,4.5,2.1,0.5,2.5,27.9,30.5,53006.0,70.32,FL,Med
19,FL-11,34.8,65.1,R,65.18,90.8,Daniel,Webster,2010.0,1949,Man,No,32.5,64.8,39.8,59.2,42.6,56.1,31.6,65.4,64.6,62.0,84.4,6.2,7.3,0.9,0.3,0.9,20.6,21.2,43610.0,65.18,FL,Med
20,FL-12,39.7,58.1,R,57.64,97.8,Gus,Bilirakis,2006.0,1963,Man,No,38.8,57.4,45.5,53.0,47.4,51.2,31.4,68.6,65.8,59.4,84.0,3.9,9.0,1.9,0.3,0.9,26.9,26.7,49774.0,57.64,FL,Med
21,FL-13,57.6,42.4,D,63.09,41.1,Charlie,Crist,2016.0,1956,Man,No,49.6,46.4,54.6,43.9,55.5,43.0,51.9,48.1,60.9,42.8,78.1,11.2,6.4,2.8,0.3,1.2,27.8,28.8,48519.0,36.91,FL,Med
22,FL-16,45.4,54.6,R,53.13,96.6,Vern,Buchanan,2006.0,1951,Man,No,43.0,53.7,45.1,53.7,47.7,51.2,40.2,59.8,66.5,59.1,80.3,7.6,9.4,1.6,0.2,0.9,30.7,33.2,55447.0,53.13,FL,Med
23,FL-18,45.7,54.3,R,53.96,93.5,Brian,Mast,2016.0,1980,Man,No,44.1,53.3,47.7,51.4,51.2,47.9,43.1,53.6,100.0,55.2,76.8,10.7,10.0,1.6,0.2,0.8,30.5,33.6,54913.0,53.96,FL,Med
24,FL-19,37.7,62.3,R,58.55,96.7,Francis,Rooney,2016.0,1953,Man,No,37.5,59.6,38.7,60.5,42.3,56.8,34.1,65.9,54.8,63.4,81.6,5.7,10.7,1.2,0.2,0.7,32.3,37.1,54812.0,58.55,FL,Med
25,FL-2,32.5,67.5,R,66.46,98.9,Neal,Dunn,2016.0,1953,Man,No,30.6,66.2,34.0,64.6,35.2,63.4,29.9,67.3,0.0,71.2,79.9,12.8,4.3,1.2,0.4,1.3,23.4,24.3,46062.0,66.46,FL,Med
26,FL-22,62.0,38.0,D,65.16,19.1,Ted,Deutch,2010.0,1966,Man,No,56.8,41.0,56.3,43.0,58.3,41.0,58.9,41.1,100.0,40.0,68.7,11.6,15.8,2.5,0.2,1.2,37.9,43.2,60159.0,34.84,FL,Med
27,FL-23,58.5,36.0,D,65.0,16.7,Debbie,Wasserman Schultz,2004.0,1966,Woman,No,61.9,35.8,61.4,38.0,62.0,37.3,56.7,40.5,40.8,38.4,51.8,12.5,30.8,3.4,0.3,1.1,38.6,39.7,61513.0,35.0,FL,Med
28,FL-25,39.5,60.5,R,52.24,94.4,Mario,Diaz-Balart,2002.0,1961,Man,No,47.9,49.7,44.9,54.5,40.6,58.8,37.6,62.4,100.0,68.1,26.5,3.9,68.0,1.0,0.2,0.3,22.7,33.9,46247.0,52.24,FL,Med
29,FL-26,50.9,49.1,R,49.48,83.0,Carlos,Curbelo,2014.0,1980,Man,No,56.8,40.5,55.4,43.9,51.5,47.9,41.2,53.0,0.0,58.1,22.4,11.7,63.5,1.6,0.1,0.6,27.2,32.8,54453.0,49.48,FL,Med
30,FL-3,42.4,57.6,R,58.89,91.0,Ted,Yoho,2012.0,1955,Man,No,40.2,56.2,41.9,56.6,44.2,54.6,39.8,56.6,66.0,62.8,73.5,15.0,7.2,2.5,0.3,1.5,25.9,26.5,45970.0,58.89,FL,Med
31,FL-4,32.3,65.2,R,66.47,98.9,John,Rutherford,2016.0,1952,Man,No,34.1,62.1,32.8,66.1,34.8,64.2,27.6,70.2,65.4,74.8,80.2,8.8,6.0,3.2,0.2,1.6,39.2,39.8,68229.0,66.47,FL,Med
32,FL-5,66.8,33.2,D,71.01,36.8,Al,Lawson,2016.0,1948,Man,No,61.3,35.9,63.6,35.4,63.2,35.9,64.2,35.8,80.7,34.3,45.6,45.3,5.4,1.9,0.3,1.5,21.4,25.0,40932.0,28.99,FL,Med
33,FL-7,57.7,42.3,D,55.98,50.0,Stephanie,Murphy,2016.0,1978,Woman,No,51.4,44.1,49.4,49.4,51.1,48.0,51.5,48.5,18.6,51.6,65.7,9.6,19.9,3.3,0.1,1.4,37.8,44.3,57146.0,44.02,FL,Med
34,FL-8,39.5,60.5,R,60.18,91.1,Bill,Posey,2008.0,1947,Man,No,37.7,58.4,42.1,56.6,43.8,54.9,32.5,63.1,51.1,61.1,80.9,8.5,7.4,1.5,0.2,1.4,29.0,30.4,50752.0,60.18,FL,Med
35,FL-9,58.0,42.0,D,58.9,21.5,Darren,Soto,2016.0,1978,Man,No,54.8,41.9,55.6,43.4,54.6,44.5,57.5,42.5,47.4,43.4,51.4,11.3,33.2,2.6,0.2,1.2,24.6,28.8,49899.0,41.1,FL,Med
36,IL-1,73.4,19.9,D,76.56,13.2,Bobby,Rush,1992.0,1946,Man,No,75.4,21.4,78.9,20.2,80.9,18.6,74.1,25.9,44.3,26.2,38.0,53.0,6.4,1.3,0.2,1.1,28.9,35.9,50523.0,23.44,IL,Med
37,IL-10,65.4,34.6,D,66.89,38.5,Brad,Schneider,2016.0,1961,Man,No,62.0,32.6,57.5,41.1,63.0,35.9,52.6,47.4,33.9,49.4,71.2,7.2,12.2,7.8,0.2,1.4,44.1,51.2,74971.0,33.11,IL,Med
38,IL-11,63.6,36.4,D,67.67,22.0,Bill,Foster,2012.0,1955,Man,No,58.9,35.4,57.8,40.6,61.8,37.7,60.4,39.6,35.8,41.4,64.4,11.9,16.1,6.0,0.1,1.5,36.0,42.5,72198.0,32.33,IL,Med
39,IL-12,45.2,51.8,R,50.42,98.9,Mike,Bost,2014.0,1960,Man,No,40.2,55.0,49.7,48.1,54.7,43.6,39.7,54.3,58.9,45.3,79.8,15.8,2.2,0.8,0.2,1.1,24.0,25.0,47430.0,50.42,IL,Med
40,IL-13,49.3,50.7,R,51.77,96.8,Rodney,Davis,2012.0,1970,Man,No,44.2,49.7,48.6,48.9,54.6,43.6,40.3,59.7,65.8,50.2,83.9,10.1,2.4,1.9,0.2,1.5,30.2,30.1,49758.0,51.77,IL,Med
41,IL-14,52.3,47.7,R,48.49,96.8,Randy,Hultgren,2010.0,1966,Man,No,44.8,48.7,44.2,54.2,50.0,47.6,40.7,59.3,65.2,58.8,85.4,3.1,7.1,3.4,0.1,0.8,42.1,43.1,90345.0,48.49,IL,Med
42,IL-15,28.0,72.0,R,69.71,98.9,John,Shimkus,1996.0,1958,Man,No,24.5,70.7,34.1,63.9,42.8,55.4,0.0,100.0,41.8,68.6,92.8,4.2,1.7,0.4,0.2,0.8,20.2,20.6,49927.0,69.71,IL,Med
43,IL-16,40.3,59.7,R,57.95,98.9,Adam,Kinzinger,2010.0,1978,Man,No,38.3,55.5,45.2,52.9,50.1,48.2,0.0,100.0,60.3,61.8,89.1,3.5,5.2,1.0,0.1,0.9,22.2,22.5,57182.0,57.95,IL,Med
44,IL-17,61.8,38.2,D,65.2,35.9,Cheri,Bustos,2012.0,1961,Woman,No,46.7,47.4,57.6,40.6,60.0,38.5,60.3,39.7,62.2,46.7,82.6,10.1,5.2,0.8,0.2,1.1,18.7,20.5,45360.0,34.8,IL,Med
45,IL-18,32.5,67.5,R,67.41,94.6,Darin,LaHood,2015.0,1968,Man,No,33.3,60.6,37.4,60.7,44.1,54.4,27.9,72.1,68.0,74.2,92.2,3.6,1.8,1.2,0.1,1.0,31.7,31.0,60857.0,67.41,IL,Med
46,IL-2,81.0,19.0,D,82.18,12.0,Robin,Kelly,2013.0,1956,Woman,No,78.0,19.1,80.7,18.5,81.1,18.3,79.8,20.2,60.0,26.8,33.0,56.6,8.8,0.6,0.1,1.0,23.3,25.0,48417.0,17.82,IL,Med
47,IL-3,73.5,26.2,D,68.59,40.0,Dan,Lipinski,2004.0,1966,Man,No,55.2,39.9,55.9,42.6,58.4,40.5,100.0,0.0,66.7,31.5,68.2,5.4,22.3,3.3,0.0,0.7,26.9,32.1,66270.0,31.41,IL,Med
48,IL-5,76.5,23.5,D,75.49,22.2,Mike,Quigley,2008.0,1959,Man,No,70.5,23.9,66.0,31.8,69.9,28.8,67.8,27.5,73.1,30.3,74.5,2.9,15.0,6.0,0.1,1.5,54.7,60.2,80269.0,24.51,IL,Med
49,IL-6,53.1,46.9,R,50.1,94.6,Peter,Roskam,2006.0,1961,Man,No,50.2,43.2,45.1,53.3,51.3,47.3,40.8,59.2,69.2,59.2,84.1,2.4,6.0,6.7,0.0,0.8,52.2,53.4,97387.0,50.1,IL,Med
50,IL-7,87.6,12.4,D,87.45,12.0,Danny,Davis,1996.0,1941,Man,No,87.4,9.2,87.2,11.8,89.4,9.9,84.2,15.8,35.6,11.5,32.5,51.5,9.5,5.2,0.1,1.2,40.7,73.7,54147.0,12.55,IL,Med
51,IL-8,65.8,34.2,D,67.66,25.0,Raja,Krishnamoorthi,2016.0,1973,Man,No,58.1,36.4,57.4,40.9,61.5,37.1,58.3,41.7,67.7,45.3,67.6,4.9,15.6,10.9,0.1,1.0,32.6,34.8,67745.0,32.34,IL,Med
52,IL-9,73.3,26.7,D,73.38,9.7,Jan,Schakowsky,1998.0,1944,Woman,No,70.1,24.9,65.0,33.3,68.6,30.3,66.5,33.5,78.3,33.7,72.1,8.6,7.4,10.3,0.1,1.5,53.2,58.2,67084.0,26.62,IL,Med
53,LA-1,26.6,71.5,R,68.81,100.0,Steve,Scalise,2008.0,1965,Man,No,26.7,68.7,26.9,70.9,25.3,72.7,19.5,74.6,39.0,78.0,78.1,12.6,5.4,1.6,1.1,1.2,30.3,33.4,56938.0,68.81,LA,Med
54,LA-3,30.4,68.4,R,54.91,97.8,Clay,Higgins,2016.0,1961,Man,No,29.2,67.3,32.3,66.1,34.1,64.2,17.5,80.7,30.7,78.2,72.1,23.6,2.0,0.9,0.4,1.1,21.0,24.0,44668.0,54.91,LA,Med
55,LA-4,33.6,64.2,R,62.44,91.1,Mike,Johnson,2016.0,1972,Man,No,36.6,60.6,39.7,59.0,39.9,58.9,28.2,69.8,47.0,100.0,61.9,33.1,2.4,0.8,0.8,1.0,19.9,22.9,39748.0,62.44,LA,Med
56,LA-5,30.0,66.5,R,64.04,93.5,Ralph,Abraham,2014.0,1954,Man,No,34.1,63.5,37.7,61.0,36.7,62.0,0.0,100.0,52.1,100.0,63.1,34.0,1.3,0.4,0.4,0.7,16.8,19.7,36718.0,64.04,LA,Med
57,LA-6,28.6,69.5,R,65.67,88.2,Garret,Graves,2014.0,1972,Man,No,31.0,64.8,32.0,66.1,30.9,67.5,23.9,72.8,68.7,100.0,72.0,22.6,2.5,1.5,0.4,1.1,27.9,30.8,59270.0,65.67,LA,Med
58,ME-1,58.8,32.4,D,61.38,16.7,Chellie,Pingree,2008.0,1955,Woman,No,54.1,39.3,59.6,38.2,60.7,37.5,58.0,41.9,32.9,35.2,95.4,0.9,1.2,1.0,0.3,1.2,36.9,37.3,61173.0,38.62,ME,Med
59,ME-2,45.5,46.2,R,47.04,96.7,Bruce,Poliquin,2014.0,1953,Man,No,41.1,51.4,53.0,44.4,54.6,43.4,45.2,54.8,56.3,41.8,96.0,0.4,1.0,0.4,0.8,1.4,23.0,23.1,46638.0,47.04,ME,Med
60,MD-1,37.8,60.3,R,58.12,88.0,Andy,Harris,2010.0,1957,Man,No,33.4,62.0,37.7,60.4,38.4,59.6,28.6,67.0,56.5,69.8,84.0,11.2,1.9,1.5,0.2,1.1,30.6,32.2,69254.0,58.12,MD,Med
61,MD-2,66.6,31.4,D,67.38,29.3,Dutch,Ruppersberger,2002.0,1946,Man,No,60.1,35.7,63.1,35.0,60.6,37.5,62.1,33.1,31.2,32.2,59.1,31.9,3.3,3.7,0.3,1.7,33.4,33.4,69128.0,32.62,MD,Med
62,MD-3,68.8,28.6,D,68.32,17.4,John,Sarbanes,2006.0,1962,Man,No,62.8,32.3,60.7,37.1,60.1,38.0,63.2,33.9,55.9,30.7,67.6,20.3,4.5,5.5,0.2,1.9,47.2,51.7,83620.0,31.68,MD,Med
63,MD-4,77.7,20.3,D,78.6,18.0,Anthony,Brown,2016.0,1961,Man,No,77.2,19.7,78.1,20.8,77.3,21.8,74.1,21.4,53.5,21.2,31.7,58.1,5.6,2.7,0.2,1.7,34.0,50.2,79350.0,21.4,MD,Med
64,MD-5,70.0,27.5,D,70.54,17.4,Steny,Hoyer,1981.0,1939,Man,No,64.1,32.1,66.1,32.4,65.1,33.6,67.4,29.4,54.6,28.5,51.6,38.5,4.1,3.2,0.3,2.3,33.7,34.5,95442.0,29.46,MD,Med
65,MD-7,76.1,21.6,D,77.08,13.6,Elijah,Cummings,1996.0,1951,Man,No,75.8,20.2,76.2,22.3,76.2,22.4,74.9,21.8,56.0,21.4,36.9,54.5,2.3,4.6,0.3,1.5,37.8,58.7,61392.0,22.92,MD,Med
66,MD-8,67.3,31.1,D,69.16,12.0,Jamie,Raskin,2016.0,1962,Man,No,65.0,30.6,62.0,36.0,62.8,35.6,60.6,34.2,62.1,34.2,70.9,11.0,8.0,8.2,0.2,1.8,55.6,61.6,98991.0,30.84,MD,Med
67,MI-1,43.7,56.3,R,55.0,96.7,Jack,Bergman,2016.0,1947,Man,No,36.6,57.9,45.3,53.6,49.7,48.4,40.1,54.9,45.7,50.3,92.9,1.8,1.2,0.4,2.1,1.6,24.6,25.2,46927.0,55.0,MI,Med
68,MI-10,35.0,60.3,R,62.15,96.8,Paul,Mitchell,2016.0,1961,Man,No,31.6,63.8,43.7,55.3,48.0,50.0,32.3,63.1,21.6,69.8,92.5,2.9,2.1,1.2,0.2,1.1,23.0,22.9,60934.0,62.15,MI,Med
69,MI-12,69.0,28.1,D,69.64,18.5,Debbie,Dingell,2014.0,1953,Woman,No,60.8,34.5,66.2,32.8,66.9,31.4,64.3,29.3,64.1,29.9,80.0,10.3,4.3,3.1,0.3,2.1,34.0,34.0,55506.0,30.36,MI,Med
70,MI-14,81.9,16.3,D,80.37,16.7,Brenda,Lawrence,2014.0,1954,Woman,No,79.2,18.3,81.0,18.6,82.2,17.1,78.5,18.7,68.3,16.0,33.5,58.8,2.9,2.6,0.3,2.0,30.8,48.5,42695.0,19.63,MI,Med
71,MI-2,43.0,55.3,R,53.63,97.8,Bill,Huizenga,2010.0,1969,Man,No,38.2,55.8,43.1,56.0,48.0,50.3,32.5,62.6,68.1,64.1,85.5,5.8,5.3,1.5,0.4,1.6,23.8,25.7,52919.0,53.63,MI,Med
72,MI-3,42.5,55.1,R,56.66,54.8,Justin,Amash,2010.0,1980,Man,No,42.2,51.6,45.8,53.1,49.7,48.6,37.5,59.5,45.0,54.4,85.5,7.9,3.7,1.0,0.4,1.5,31.4,33.6,57926.0,56.66,MI,Med
73,MI-4,37.4,62.6,R,63.23,98.9,John,Moolenaar,2014.0,1961,Man,No,34.7,59.5,45.5,53.5,49.6,48.6,32.1,61.6,66.7,65.3,93.5,1.9,2.3,0.5,0.6,1.2,21.9,21.7,48434.0,63.23,MI,Med
74,MI-5,59.5,35.9,D,65.13,18.9,Dan,Kildee,2012.0,1958,Man,No,49.7,45.5,60.7,38.3,63.0,35.3,61.2,35.1,63.5,32.6,77.4,16.3,3.8,0.6,0.3,1.6,19.0,20.4,42800.0,34.87,MI,Med
75,MI-6,45.7,50.2,R,50.98,95.7,Fred,Upton,1986.0,1953,Man,No,42.9,51.3,48.8,50.2,53.1,45.2,36.4,58.6,66.7,56.2,86.0,7.5,3.4,1.0,0.3,1.8,28.0,29.2,51477.0,50.98,MI,Med
76,MI-7,46.2,53.8,R,50.72,98.9,Tim,Walberg,2010.0,1951,Man,No,38.7,55.7,47.9,51.0,50.8,47.4,40.0,55.1,67.9,55.4,90.7,4.1,3.1,0.6,0.4,1.1,24.6,24.8,56427.0,50.72,MI,Med
77,MI-8,50.6,46.8,R,47.3,97.8,Mike,Bishop,2014.0,1967,Man,No,43.9,50.6,48.0,51.1,52.0,46.4,39.2,56.0,69.9,61.1,87.2,5.2,3.6,2.1,0.2,1.6,40.6,40.0,66495.0,47.3,MI,Med
78,MN-2,52.8,47.2,R,46.81,91.1,Jason,Lewis,2016.0,1955,Man,No,45.3,46.5,49.1,49.0,50.5,47.6,45.2,47.0,55.4,54.1,88.7,3.3,2.8,3.5,0.4,1.3,38.5,40.0,80128.0,46.81,MN,Med
79,MN-3,55.7,44.3,R,46.93,97.8,Erik,Paulsen,2008.0,1965,Man,No,50.8,41.4,49.6,48.8,51.0,47.4,43.0,56.7,68.8,58.2,86.8,4.9,1.9,4.8,0.2,1.3,49.0,51.1,84689.0,46.93,MN,Med
80,MN-4,66.0,29.8,D,67.58,15.4,Betty,McCollum,2000.0,1954,Woman,No,61.5,30.6,62.5,35.5,62.6,35.5,57.8,34.4,45.7,33.6,78.6,7.6,3.7,7.6,0.5,2.0,42.2,47.9,66175.0,32.42,MN,Med
81,MN-6,38.8,61.2,R,63.28,89.0,Tom,Emmer,2014.0,1961,Man,No,33.2,58.9,41.5,56.5,43.2,54.7,34.3,65.6,75.4,50.6,93.6,1.6,1.5,1.8,0.4,1.1,29.5,29.7,77049.0,63.28,MN,Med
82,MN-7,52.1,47.9,D,55.52,67.4,Collin,Peterson,1990.0,1944,Man,No,31.0,61.8,44.1,53.9,47.1,50.4,52.5,47.4,44.9,36.6,93.4,0.6,2.2,0.5,2.3,1.0,21.8,22.5,52620.0,44.48,MN,Med
83,MT-1,46.2,50.9,R,50.47,93.2,Greg,Gianforte,2017.0,1961,Man,No,35.9,56.5,41.7,55.4,47.2,49.6,40.5,56.2,38.4,55.5,89.5,0.4,2.6,0.6,5.4,1.7,31.0,31.9,50027.0,50.47,MT,Med
84,NH-2,55.3,42.5,D,57.64,36.3,Annie,Kuster,2012.0,1956,Woman,No,48.6,46.2,54.2,44.5,56.0,43.1,49.8,45.4,98.4,47.5,94.4,0.9,2.2,1.3,0.2,1.1,35.9,35.6,70524.0,42.36,NH,Med
85,NJ-1,64.5,33.5,D,67.43,19.1,Donald,Norcross,2014.0,1958,Man,No,60.6,36.1,65.1,33.8,64.7,34.2,60.0,36.8,61.7,30.5,69.6,16.3,9.1,3.8,0.1,1.2,30.4,33.4,68208.0,32.57,NJ,Med
86,NJ-10,87.5,10.3,D,84.79,10.6,Donald,Payne,2012.0,1958,Man,No,85.2,12.8,87.9,11.5,84.9,14.6,85.7,11.9,59.5,10.8,23.8,54.3,15.0,5.5,0.1,1.2,28.3,48.5,50100.0,15.21,NJ,Med
87,NJ-12,68.5,31.5,D,72.01,6.5,Bonnie,Watson Coleman,2014.0,1945,Woman,No,65.0,31.8,66.5,32.4,65.7,33.3,62.9,32.0,31.8,29.9,58.3,18.4,10.3,11.9,0.1,1.0,45.5,49.1,85744.0,27.99,NJ,Med
88,NJ-3,49.9,48.8,R,48.44,94.6,Tom,MacArthur,2014.0,1960,Man,No,45.2,51.4,51.8,47.2,51.1,47.7,38.9,59.3,71.0,54.5,80.2,9.9,5.4,2.8,0.1,1.6,33.9,34.2,74537.0,48.44,NJ,Med
89,NJ-4,43.0,55.5,R,53.6,79.3,Chris,Smith,1980.0,1953,Man,No,41.0,55.8,44.7,54.2,45.3,53.6,33.5,63.7,45.2,64.4,83.6,6.2,5.9,3.4,0.0,0.9,39.6,42.1,78511.0,53.6,NJ,Med
90,NJ-5,55.2,43.5,D,57.29,54.8,Josh,Gottheimer,2016.0,1975,Man,No,47.7,48.8,47.9,50.9,48.5,50.5,51.1,46.7,47.1,56.3,76.7,4.7,10.2,7.5,0.1,0.7,47.7,48.1,100219.0,42.71,NJ,Med
91,NJ-6,63.3,36.7,D,68.46,9.8,Frank,Pallone,1988.0,1951,Man,No,56.2,40.6,61.4,37.4,58.4,40.5,63.7,34.9,0.0,35.8,60.1,10.4,14.4,14.0,0.1,0.9,38.9,37.3,79229.0,31.54,NJ,Med
92,NJ-7,51.9,47.3,R,46.05,87.1,Leonard,Lance,2008.0,1952,Man,No,48.6,47.5,46.3,52.5,47.2,51.6,43.1,54.1,63.2,58.8,79.2,4.7,8.1,7.2,0.0,0.8,51.3,53.1,106896.0,46.05,NJ,Med
93,NJ-8,77.8,19.0,D,78.78,22.5,Albio,Sires,2006.0,1951,Man,No,75.7,21.5,78.3,20.8,73.2,26.0,77.0,18.5,65.2,19.5,35.0,10.6,46.5,6.5,0.2,1.1,33.1,50.9,57391.0,21.22,NJ,Med
94,NJ-9,70.0,29.2,D,72.18,20.0,Bill,Pascrell,1996.0,1937,Man,No,64.3,33.1,68.4,30.8,64.0,35.2,69.7,28.0,20.5,25.3,48.2,11.0,29.3,10.4,0.2,1.0,33.6,41.0,64964.0,27.82,NJ,Med
95,NM-3,63.3,31.2,D,61.25,16.3,Ben Ray,Luján,2008.0,1972,Man,No,51.8,36.7,57.5,38.7,61.2,37.5,62.4,37.6,68.1,36.9,43.7,1.4,35.9,0.9,16.9,1.2,27.2,42.7,49210.0,38.75,NM,Med
96,NY-1,45.7,53.2,R,53.68,86.0,Lee,Zeldin,2014.0,1980,Man,No,42.2,54.5,49.6,49.1,51.4,47.6,41.0,58.9,66.0,47.5,82.9,4.5,8.8,2.8,0.2,0.8,34.1,36.2,90435.0,53.68,NY,Med
97,NY-10,81.2,18.8,D,80.47,15.7,Jerry,Nadler,1992.0,1947,Man,No,78.3,18.8,73.6,25.0,75.7,23.4,78.0,21.9,66.0,19.2,69.0,4.2,10.7,14.7,0.2,1.3,60.3,71.1,85756.0,19.53,NY,Med
98,NY-11,52.8,46.8,R,50.92,87.0,Dan,Donovan,2015.0,1956,Man,No,43.8,53.6,51.6,47.3,48.3,50.9,36.7,61.5,35.9,52.7,68.1,6.7,12.9,11.2,0.1,1.0,34.4,37.8,71072.0,50.92,NY,Med
99,NY-12,86.2,12.3,D,82.26,15.4,Carolyn,Maloney,1992.0,1948,Woman,No,83.3,13.5,76.9,21.5,80.1,18.9,83.1,16.8,67.7,19.4,71.1,4.6,11.9,10.5,0.1,1.7,72.2,80.3,100281.0,17.74,NY,Med
100,NY-13,94.6,5.4,D,93.12,9.7,Adriano,Espaillat,2016.0,1954,Man,No,92.3,5.4,94.6,4.6,93.3,6.1,88.6,6.9,66.5,6.5,17.4,29.4,47.5,4.0,0.2,1.6,31.0,71.7,41103.0,6.88,NY,Med
101,NY-14,78.0,13.8,WOF,4.16,16.1,Joe,Crowley,1998.0,1962,Man,No,77.7,19.8,80.7,18.3,76.1,23.2,82.8,17.1,58.2,15.3,31.8,12.4,39.9,14.6,0.2,1.1,25.6,39.5,53512.0,95.84,NY,Med
102,NY-15,96.0,4.0,D,95.86,11.8,José,Serrano,1990.0,1943,Man,No,93.8,4.9,96.7,3.0,94.6,5.2,95.2,3.5,100.0,2.8,3.5,31.7,61.9,1.8,0.3,0.7,12.4,27.7,29234.0,4.14,NY,Med
103,NY-18,55.1,44.9,D,59.98,34.4,Sean Patrick,Maloney,2012.0,1966,Man,Gay,47.1,49.0,51.4,47.1,52.1,46.9,55.6,44.4,67.2,48.1,75.5,8.7,11.9,2.4,0.2,1.3,35.7,39.1,80493.0,40.02,NY,Med
104,NY-19,50.2,47.3,R,47.66,89.2,John,Faso,2016.0,1952,Man,No,44.0,50.8,52.1,45.9,53.0,45.3,45.7,54.2,32.2,52.8,88.8,3.8,5.0,1.1,0.1,1.2,29.2,30.1,59619.0,47.66,NY,Med
105,NY-2,46.7,53.3,R,52.24,85.7,Pete,King,1992.0,1944,Man,No,43.9,53.0,51.6,47.2,51.3,47.9,37.5,62.4,70.0,58.6,72.5,9.2,14.6,2.6,0.1,1.0,31.2,35.4,93362.0,52.24,NY,Med
106,NY-20,66.1,33.9,D,69.58,21.1,Paul,Tonko,2008.0,1949,Man,No,54.0,40.5,59.2,38.8,58.3,39.8,67.9,32.1,78.6,31.6,82.9,8.2,4.6,2.7,0.1,1.4,38.7,41.1,64226.0,30.42,NY,Med
107,NY-21,41.8,56.7,R,53.08,89.2,Elise,Stefanik,2014.0,1984,Woman,No,40.0,53.9,52.2,46.1,51.7,46.7,30.1,65.3,70.8,49.0,91.9,3.1,2.7,0.6,0.8,1.0,23.2,23.6,52350.0,53.08,NY,Med
108,NY-22,50.3,49.7,R,49.81,96.8,Claudia,Tenney,2016.0,1961,Woman,No,39.3,54.8,48.8,49.2,49.1,49.1,41.0,46.5,60.1,60.7,91.3,3.3,2.7,1.4,0.2,1.0,26.0,26.5,52967.0,49.81,NY,Med
109,NY-23,45.0,55.0,R,53.07,96.6,Tom,Reed,2010.0,1971,Man,No,39.7,54.5,48.4,49.6,49.6,48.8,42.4,57.6,34.5,51.9,91.6,2.8,2.9,1.2,0.5,1.1,26.1,25.7,48730.0,53.07,NY,Med
110,NY-24,46.9,53.1,R,53.11,90.2,John,Katko,2014.0,1962,Man,No,48.9,45.3,57.0,41.1,56.2,42.0,39.4,60.5,70.4,47.0,86.8,7.0,3.1,1.3,0.5,1.3,30.3,31.4,56388.0,53.11,NY,Med
111,NY-26,73.0,27.0,D,73.7,20.9,Brian,Higgins,2004.0,1959,Man,No,57.6,38.0,63.9,34.3,63.4,35.0,74.6,25.4,19.6,25.2,75.5,16.5,4.7,1.7,0.3,1.2,30.8,34.1,47358.0,26.3,NY,Med
112,NY-27,48.4,49.5,R,50.66,98.9,Chris,Collins,2012.0,1950,Man,No,35.2,59.7,42.9,55.3,44.5,53.9,32.8,67.2,37.6,50.8,93.6,2.5,1.9,0.8,0.6,0.7,30.7,31.0,62698.0,50.66,NY,Med
113,NY-3,58.4,41.6,D,61.87,33.3,Tom,Suozzi,2016.0,1962,Man,No,51.6,45.5,50.8,48.2,53.5,45.7,52.8,47.2,39.3,41.8,76.8,2.9,7.3,12.1,0.1,0.8,51.6,53.3,111504.0,38.13,NY,Med
114,NY-4,61.0,39.0,D,65.68,28.9,Kathleen,Rice,2014.0,1965,Woman,No,53.4,43.8,56.3,42.8,55.3,43.9,59.5,40.4,40.2,34.3,66.6,14.4,12.4,5.6,0.1,0.9,42.5,48.9,100178.0,34.32,NY,Med
115,NY-9,89.3,10.3,D,83.76,8.7,Yvette,Clarke,2006.0,1964,Woman,No,83.5,14.4,85.3,13.8,84.1,15.4,92.3,0.0,37.6,11.5,35.2,47.7,9.8,5.8,0.2,1.2,37.5,62.0,54895.0,16.24,NY,Med
118,VT-1,69.2,26.0,D,70.92,17.4,Peter,Welch,2006.0,1947,Man,No,56.7,30.3,67.0,31.2,67.8,30.6,89.5,0.0,51.6,24.4,95.4,0.8,1.4,0.9,0.3,1.3,36.4,36.5,57677.0,29.08,VT,Med
119,AL-1,36.7,63.2,R,65.84,96.8,Bradley,Byrne,2016.0,1955,Man,No,34.1,63.5,37.4,61.8,38.5,60.9,0.0,96.4,68.2,100.0,68.7,26.5,1.8,0.9,1.0,1.1,24.0,27.7,47083.0,65.84,AL,None
120,AL-2,38.4,61.4,R,57.86,96.7,Martha,Roby,2010.0,1976,Woman,No,33.0,64.9,36.4,62.9,35.0,64.5,40.5,48.8,67.3,63.7,66.1,29.9,1.8,0.7,0.4,1.1,21.8,24.2,42035.0,57.86,AL,None
121,AL-3,36.0,63.9,R,62.03,96.8,Mike,Rogers,2002.0,1958,Man,No,32.3,65.3,36.8,62.3,36.6,62.6,32.9,66.9,66.1,64.1,71.4,25.1,1.7,0.7,0.3,0.9,22.8,23.7,46544.0,62.03,AL,None
122,AL-4,20.1,79.8,R,76.97,97.8,Robert,Aderholt,1996.0,1965,Man,No,17.4,80.4,24.0,74.8,25.5,73.3,0.0,98.5,98.6,74.1,88.8,6.9,1.8,0.5,0.7,1.3,17.0,17.8,41110.0,76.97,AL,None
123,AL-5,38.9,61.1,R,63.44,84.3,Mo,Brooks,2010.0,1954,Man,No,31.3,64.7,34.9,63.9,36.3,62.6,33.2,66.7,74.4,65.0,77.3,17.1,2.2,1.1,0.6,1.6,30.3,31.0,51690.0,63.44,AL,None
124,AL-6,30.7,69.2,R,67.67,93.4,Gary,Palmer,2014.0,1954,Man,No,26.1,70.8,24.7,74.3,25.0,74.1,25.4,74.5,76.2,71.3,81.8,14.4,1.6,1.0,0.2,0.9,36.7,38.2,61413.0,67.67,AL,None
125,GA-1,42.3,57.7,R,62.4,97.7,Buddy,Carter,2014.0,1957,Man,No,40.9,56.4,43.0,55.9,44.4,55.0,0.0,100.0,52.8,63.0,64.0,29.1,3.8,1.4,0.3,1.3,25.0,28.2,50931.0,62.4,GA,None
126,GA-10,37.1,62.9,R,67.88,90.3,Jody,Hice,2014.0,1960,Man,No,35.8,61.3,36.3,62.5,38.8,60.4,0.0,100.0,61.6,100.0,69.8,24.7,2.9,1.5,0.1,1.0,26.7,30.4,51532.0,67.88,GA,None
127,GA-11,38.2,61.8,R,66.9,88.9,Barry,Loudermilk,2014.0,1963,Man,No,35.3,60.3,31.5,66.9,34.7,64.3,32.6,67.4,61.4,68.6,75.3,16.0,5.0,2.3,0.2,1.2,41.0,44.1,69610.0,66.9,GA,None
128,GA-12,40.5,59.5,R,59.1,96.7,Rick,Allen,2014.0,1951,Man,No,40.7,56.9,43.6,55.4,43.9,55.6,38.4,61.6,26.9,46.3,59.8,34.3,3.3,1.2,0.2,1.0,20.9,23.6,43933.0,59.1,GA,None
129,GA-13,76.2,23.8,D,75.36,27.3,David,Scott,2002.0,1946,Man,No,71.0,26.6,69.2,30.0,67.1,32.3,100.0,0.0,51.3,28.3,33.4,58.1,4.8,2.2,0.1,1.4,29.6,26.0,57342.0,24.64,GA,None
130,GA-14,23.5,76.5,R,80.21,97.8,Tom,Graves,2010.0,1970,Man,No,22.1,75.0,25.3,73.2,27.8,71.0,0.0,100.0,46.5,73.0,85.1,8.7,4.4,0.7,0.2,0.9,18.1,18.5,48691.0,80.21,GA,None
131,GA-2,59.6,40.4,D,66.05,44.4,Sanford,Bishop,1992.0,1947,Man,No,55.0,43.3,58.6,40.8,57.9,41.6,61.2,38.8,52.5,36.2,44.6,50.7,2.6,0.9,0.2,1.1,17.6,22.1,35617.0,33.95,GA,None
132,GA-3,34.5,65.5,R,68.1,96.8,Drew,Ferguson,2016.0,1966,Man,No,32.8,64.3,33.0,65.9,34.0,65.3,31.7,68.3,58.7,100.0,70.8,23.3,3.3,1.2,0.2,1.2,26.5,28.3,56240.0,68.1,GA,None
133,GA-4,78.8,21.2,D,72.75,14.3,Hank,Johnson,2006.0,1954,Man,No,75.3,22.2,73.6,25.6,73.2,26.3,75.7,24.3,65.4,26.4,30.9,60.7,3.8,3.2,0.1,1.3,29.8,38.1,51686.0,27.25,GA,None
134,GA-6,50.5,49.5,R,50.05,98.3,Karen,Handel,2017.0,1962,Woman,No,46.8,48.3,37.5,60.8,40.1,59.0,38.3,61.7,74.9,64.5,72.4,14.3,4.9,6.8,0.3,1.4,60.6,66.7,87139.0,50.05,GA,None
135,GA-7,49.8,50.2,R,53.12,97.8,Rob,Woodall,2010.0,1970,Man,No,44.8,51.1,38.3,60.2,39.1,60.1,39.6,60.4,70.6,62.2,58.5,20.4,9.1,10.4,0.2,1.4,39.6,44.9,72481.0,53.12,GA,None
136,GA-9,20.5,79.5,R,79.61,97.8,Doug,Collins,2012.0,1966,Man,No,19.3,77.8,20.5,78.1,24.3,74.7,0.0,100.0,44.5,76.2,86.8,7.0,4.2,1.0,0.2,0.8,21.6,24.0,50154.0,79.61,GA,None
137,ID-2,39.3,60.7,R,63.8,98.9,Mike,Simpson,1998.0,1950,Man,No,29.8,54.5,33.1,64.1,37.1,60.5,29.4,62.9,14.9,65.2,88.1,0.6,7.6,1.1,1.1,1.4,30.1,32.5,51294.0,63.8,ID,None
138,IN-1,65.1,34.9,D,69.54,21.5,Pete,Visclosky,1984.0,1949,Man,No,54.1,41.5,61.2,37.4,63.3,35.8,81.5,0.0,60.0,32.7,68.2,18.4,11.5,0.8,0.2,0.9,22.6,25.8,56370.0,30.46,IN,None
139,IN-2,45.2,54.8,R,56.84,95.7,Jackie,Walorski,2012.0,1963,Woman,No,36.1,59.3,42.1,56.1,49.6,49.3,36.9,59.3,77.6,50.7,87.3,6.2,4.2,0.8,0.3,1.1,20.8,22.1,51292.0,56.84,IN,None
140,IN-3,35.6,64.4,R,61.07,94.6,Jim,Banks,2016.0,1979,Man,No,30.1,65.1,35.7,62.5,43.0,56.0,23.0,70.1,88.0,67.0,88.9,5.6,3.0,1.1,0.2,1.2,22.9,23.8,51453.0,61.07,IN,None
141,IN-5,43.2,56.8,R,56.05,98.9,Susan,Brooks,2012.0,1960,Woman,No,41.3,53.1,40.7,57.5,46.6,52.6,34.3,61.5,73.4,60.8,86.4,8.1,2.3,2.0,0.1,1.1,45.0,45.9,67461.0,56.05,IN,None
142,IN-7,64.8,35.1,D,69.26,16.3,André,Carson,2008.0,1974,Man,No,59.0,36.2,62.9,35.3,66.3,32.8,60.0,35.7,64.2,37.1,63.7,29.4,3.8,1.2,0.3,1.7,23.5,29.4,41429.0,30.74,IN,None
143,IN-8,35.6,64.4,R,61.16,98.9,Larry,Bucshon,2010.0,1962,Man,No,30.9,64.6,39.6,58.4,48.1,50.6,31.7,63.7,62.4,55.4,92.9,3.9,1.3,0.6,0.2,1.0,21.3,21.5,50261.0,61.16,IN,None
144,IN-9,43.5,56.5,R,52.87,87.9,Trey,Hollingsworth,2016.0,1983,Man,No,34.2,61.1,40.7,57.2,46.2,52.7,40.5,54.1,0.0,55.4,93.4,2.6,1.7,1.0,0.2,1.1,26.3,26.3,55078.0,52.87,IN,None
145,IA-1,50.9,46.0,R,42.93,92.2,Rod,Blum,2014.0,1955,Man,No,45.2,48.7,56.2,42.5,58.5,40.4,46.1,53.7,21.4,42.2,93.3,2.8,1.9,0.9,0.3,0.9,27.1,27.1,57402.0,42.93,IA,None
146,IA-2,54.8,42.6,D,56.25,34.8,Dave,Loebsack,2006.0,1952,Man,No,45.0,49.1,55.8,42.7,57.1,41.6,53.7,46.2,35.4,43.3,91.2,3.1,3.3,1.1,0.2,1.1,28.5,28.7,52150.0,43.75,IA,None
147,IA-3,49.0,47.5,R,46.38,98.9,David,Young,2014.0,1968,Man,No,45.0,48.5,51.4,47.2,52.4,46.3,39.7,53.4,30.6,54.5,90.5,3.3,3.3,1.7,0.2,1.0,33.1,34.5,62323.0,46.38,IA,None
148,IA-4,47.0,50.4,R,51.37,92.2,Steve,King,2002.0,1949,Man,No,33.5,60.9,45.3,53.4,48.5,50.2,38.6,61.2,67.1,54.1,93.7,1.2,3.0,0.9,0.4,0.8,24.7,24.8,53335.0,51.37,IA,None
149,KS-1,31.6,68.4,R,64.23,97.8,Roger,Marshall,2016.0,1960,Man,No,24.3,69.3,27.6,70.1,31.0,67.2,0.0,65.9,0.0,100.0,86.0,3.0,8.1,1.0,0.5,1.4,23.9,26.1,48156.0,64.23,KS,None
150,KS-3,53.3,44.2,R,45.18,92.3,Kevin,Yoder,2010.0,1976,Man,No,47.2,46.0,44.3,53.8,48.8,49.9,40.6,51.3,41.1,100.0,81.4,8.5,5.5,2.6,0.3,1.6,47.4,52.3,71562.0,45.18,KS,None
151,KS-4,40.2,59.8,R,59.67,94.0,Ron,Estes,2017.0,1956,Man,No,33.0,60.2,36.1,61.6,39.5,58.6,29.6,60.7,45.0,66.3,81.5,6.5,6.8,2.4,0.9,1.9,29.5,32.0,52054.0,59.67,KS,None
152,KY-1,31.4,68.6,R,69.06,92.5,James,Comer,2016.0,1943,Man,No,23.9,72.4,32.1,66.4,36.9,61.6,27.3,72.6,70.4,69.6,90.1,6.9,1.5,0.4,0.2,0.9,15.7,16.1,40253.0,69.06,KY,None
153,KY-2,31.1,66.7,R,62.21,98.9,Brett,Guthrie,2008.0,1964,Man,No,27.6,67.5,35.1,63.3,37.2,61.5,0.0,100.0,35.9,67.0,90.8,5.4,1.6,0.8,0.2,1.2,20.9,21.1,49960.0,62.21,KY,None
154,KY-3,62.1,36.6,D,60.96,18.7,John,Yarmuth,2006.0,1947,Man,No,54.9,39.9,55.7,42.8,56.2,42.8,63.5,36.5,40.3,35.1,74.6,20.0,2.3,1.4,0.1,1.5,30.9,34.6,51070.0,39.04,KY,None
155,KY-4,34.6,62.2,R,63.59,62.4,Thomas,Massie,2012.0,1971,Man,No,29.3,65.2,34.8,63.4,37.0,61.5,28.7,71.3,28.3,64.0,93.4,3.3,1.5,0.6,0.1,1.0,28.3,28.3,60912.0,63.59,KY,None
156,KY-5,21.1,78.9,R,75.32,98.8,Hal,Rogers,1980.0,1937,Man,No,17.5,79.6,23.2,75.0,31.6,66.6,0.0,100.0,35.7,77.9,96.7,1.5,0.7,0.2,0.2,0.6,12.4,12.5,30585.0,75.32,KY,None
157,KY-6,47.8,51.0,R,48.7,96.8,Andy,Barr,2012.0,1973,Man,No,39.4,54.7,42.2,55.8,44.8,53.7,38.9,61.1,27.0,52.0,87.6,8.5,1.6,0.9,0.2,1.3,31.7,33.1,50659.0,48.7,KY,None
158,MS-1,32.2,67.1,R,61.82,92.4,Trent,Kelly,2015.0,1966,Man,No,32.4,65.4,37.0,61.9,36.6,62.4,27.9,68.7,19.0,62.1,70.9,26.5,1.5,0.5,0.1,0.5,20.7,22.7,43194.0,61.82,MS,None
159,MS-4,29.3,69.6,R,59.18,96.6,Steven,Palazzo,2010.0,1970,Man,No,28.2,69.4,31.2,67.6,31.1,67.9,27.8,65.0,30.1,69.0,73.0,22.3,2.3,1.1,0.3,1.0,21.1,23.5,45192.0,59.18,MS,None
160,MO-1,80.1,16.7,D,78.73,14.3,Lacy,Clay,2000.0,1956,Man,No,77.0,18.8,79.9,18.9,80.3,18.6,75.5,20.0,39.4,18.5,46.8,47.8,1.8,1.7,0.2,1.8,31.8,43.4,45172.0,21.27,MO,None
161,MO-2,47.1,51.3,R,51.45,96.7,Ann,Wagner,2012.0,1962,Woman,No,42.3,52.6,41.4,57.1,46.4,52.6,37.7,58.5,12.6,61.8,91.1,3.6,1.6,2.6,0.1,0.9,49.2,49.0,79724.0,51.45,MO,None
162,MO-3,32.8,65.1,R,66.39,97.8,Blaine,Luetkemeyer,2008.0,1960,Man,No,28.1,67.1,36.1,62.0,42.8,55.8,27.9,67.8,36.5,65.9,93.5,3.1,1.5,0.6,0.3,1.1,26.4,26.3,61929.0,66.39,MO,None
163,MO-4,32.8,64.7,R,62.55,97.8,Vicky,Hartzler,2010.0,1960,Woman,No,29.3,65.3,36.4,61.2,41.9,56.5,27.8,67.8,54.0,63.0,90.0,4.6,2.4,0.8,0.4,1.8,23.9,23.8,48065.0,62.55,MO,None
164,MO-5,61.6,35.7,D,62.54,17.2,Emanuel,Cleaver,2004.0,1944,Man,No,54.1,40.6,58.9,39.4,62.0,36.8,58.8,38.2,68.0,37.9,70.7,21.0,4.9,1.4,0.4,1.6,28.2,32.5,48693.0,37.46,MO,None
165,MO-6,32.0,65.4,R,64.53,97.7,Sam,Graves,2000.0,1963,Man,No,31.7,63.1,37.9,60.0,43.1,55.3,28.4,68.0,55.4,66.7,91.0,3.8,2.7,0.9,0.3,1.3,28.6,29.0,58532.0,64.53,MO,None
166,MO-7,30.0,66.3,R,67.74,92.9,Billy,Long,2010.0,1955,Man,No,24.7,70.4,30.3,67.6,35.3,63.1,27.4,67.5,38.9,67.4,92.5,1.7,2.4,0.9,0.9,1.7,23.2,23.8,44619.0,67.74,MO,None
167,MO-8,25.0,73.4,R,69.23,92.2,Jason,Smith,2013.0,1980,Man,No,21.0,75.4,32.0,65.9,38.3,60.0,22.7,74.4,59.3,74.6,92.6,4.3,1.2,0.2,0.5,1.2,15.0,15.3,40639.0,69.23,MO,None
168,NE-1,39.5,60.5,R,60.75,97.8,Jeff,Fortenberry,2004.0,1960,Man,No,36.2,57.5,40.8,57.5,44.0,54.1,30.5,69.5,68.3,68.3,89.7,2.5,4.2,1.5,0.9,1.2,32.5,33.9,58537.0,60.75,NE,None
169,NE-2,48.7,51.3,R,50.69,97.8,Don,Bacon,2016.0,1963,Man,No,46.0,48.2,45.7,52.8,49.8,48.6,47.7,48.9,38.7,50.8,82.4,9.1,5.1,1.5,0.4,1.4,39.2,43.7,62621.0,50.69,NE,None
170,NE-3,23.3,76.7,R,72.0,95.7,Adrian,Smith,2006.0,1970,Man,No,20.0,74.9,27.8,70.2,31.0,66.9,0.0,100.0,55.1,74.2,91.2,0.8,6.0,0.5,0.6,0.9,22.2,23.9,50985.0,72.0,NE,None
171,NC-1,69.8,30.2,D,72.55,19.8,G.K.,Butterfield,2004.0,1947,Man,No,67.5,30.5,68.1,31.2,67.4,32.2,68.6,29.0,37.9,30.7,47.8,46.1,2.6,1.3,0.7,1.4,27.7,37.7,40895.0,27.45,NC,None
172,NC-10,40.7,59.3,R,61.94,98.9,Patrick,McHenry,2004.0,1975,Man,No,36.4,61.0,40.4,58.5,41.7,57.5,36.9,63.1,65.7,63.5,83.5,11.7,2.4,1.1,0.3,0.9,24.6,26.5,46508.0,61.94,NC,None
173,NC-11,38.7,59.2,R,60.29,90.0,Mark,Meadows,2012.0,1959,Man,No,34.0,63.2,39.1,59.6,41.6,57.1,35.9,64.1,54.4,62.0,91.6,3.1,2.0,0.9,1.3,1.0,24.0,25.2,43855.0,60.29,NC,None
174,NC-12,73.0,27.0,D,72.78,15.7,Alma,Adams,2014.0,1946,Woman,No,68.4,28.4,67.8,31.3,69.5,31.6,67.0,33.0,0.0,33.0,49.7,39.4,5.6,3.1,0.3,2.0,39.8,52.3,59268.0,27.22,NC,None
175,NC-13,45.5,51.6,R,49.34,90.2,Ted,Budd,2016.0,1971,Man,No,44.0,53.4,46.1,52.9,48.1,51.2,43.9,56.1,54.8,57.4,72.1,21.9,2.7,1.9,0.4,1.1,27.0,29.6,47440.0,49.34,NC,None
176,NC-2,45.7,51.4,R,51.93,92.5,George,Holding,2012.0,1968,Man,No,43.6,53.2,43.0,56.0,44.8,54.3,43.3,56.7,20.0,61.0,72.2,20.5,4.1,1.4,0.5,1.3,36.2,40.5,65792.0,51.93,NC,None
177,NC-4,72.3,24.1,D,74.84,17.4,David,Price,1996.0,1940,Man,No,68.2,28.2,64.5,34.2,65.8,33.2,68.2,31.8,0.0,32.9,66.0,23.3,3.9,4.9,0.4,1.6,54.5,63.9,70587.0,25.16,NC,None
178,NC-5,42.8,57.2,R,56.83,93.5,Virginia,Foxx,2004.0,1943,Woman,No,39.8,57.4,42.3,56.5,44.7,54.3,41.6,58.4,0.0,60.6,80.3,14.4,3.1,0.9,0.3,0.9,26.3,27.7,45001.0,56.83,NC,None
179,NC-6,43.4,56.6,R,54.2,92.0,Mark,Walker,2014.0,1969,Man,No,41.4,56.1,43.2,55.9,45.2,53.8,40.8,59.2,0.0,60.1,73.8,20.6,3.1,1.0,0.4,1.1,24.6,28.3,47335.0,54.2,NC,None
180,NC-7,42.7,55.6,R,51.65,92.3,David,Rouzer,2014.0,1972,Man,No,39.9,57.6,43.2,55.9,44.8,54.7,39.1,60.9,47.8,60.9,74.7,20.0,2.8,0.6,0.7,1.2,24.9,29.7,45002.0,51.65,NC,None
181,NC-8,44.5,55.5,R,54.2,93.1,Richard,Hudson,2012.0,1971,Man,No,41.1,56.1,44.4,54.7,45.4,54.0,41.2,58.8,64.5,59.7,67.6,22.6,5.4,1.5,1.0,1.8,26.5,29.5,50570.0,54.2,NC,None
182,OH-1,46.4,51.8,R,51.24,95.7,Steve,Chabot,2010.0,1953,Man,No,44.6,51.2,46.3,52.4,47.2,51.8,40.8,59.2,62.4,60.6,74.5,20.7,1.4,1.8,0.1,1.3,33.8,37.8,55712.0,51.24,OH,None
183,OH-10,41.9,56.2,R,53.15,95.7,Mike,Turner,2002.0,1960,Man,No,44.0,51.3,48.2,50.1,49.3,49.3,32.7,64.1,71.2,61.4,78.8,16.4,1.7,1.4,0.1,1.5,27.9,29.3,49988.0,53.15,OH,None
184,OH-11,81.9,18.1,D,82.68,15.6,Marcia,Fudge,2008.0,1952,Woman,No,80.5,17.0,82.7,16.5,82.0,17.2,80.3,19.7,58.9,0.0,41.6,52.0,3.2,1.5,0.2,1.5,26.8,41.1,35735.0,17.32,OH,None
185,OH-12,47.1,51.6,R,49.83,100.0,Troy,Balderson,2018.0,1962,Man,No,41.9,53.2,43.9,54.4,44.8,53.7,29.8,66.6,25.5,63.5,90.1,4.4,1.7,2.0,0.1,1.7,41.0,39.9,67415.0,49.83,OH,None
186,OH-13,60.8,39.2,D,68.17,21.7,Tim,Ryan,2002.0,1973,Man,No,51.1,44.6,62.9,35.4,62.3,35.8,67.7,32.3,60.0,27.2,85.0,10.7,2.2,0.6,0.2,1.3,23.7,24.8,42430.0,31.83,OH,None
187,OH-14,44.6,55.4,R,53.67,96.8,David,Joyce,2012.0,1957,Man,No,42.1,53.6,47.6,50.9,49.1,49.4,37.4,62.6,82.8,58.2,92.0,4.2,1.6,1.3,0.1,0.9,34.1,33.9,63362.0,53.67,OH,None
188,OH-15,39.5,58.5,R,56.25,98.9,Steve,Stivers,2010.0,1965,Man,No,39.9,55.3,46.3,51.9,46.1,52.2,33.8,66.2,62.4,61.6,92.0,3.8,1.3,1.4,0.1,1.4,31.4,30.8,61514.0,56.25,OH,None
189,OH-2,41.0,57.8,R,55.07,95.7,Brad,Wenstrup,2012.0,1958,Man,No,39.7,55.8,43.7,54.7,44.3,54.2,32.8,65.0,58.3,58.6,88.2,8.2,1.2,0.8,0.2,1.4,32.3,33.1,55472.0,55.07,OH,None
190,OH-3,73.3,26.7,D,74.33,18.0,Joyce,Beatty,2012.0,1950,Woman,No,67.0,28.6,69.7,28.9,67.4,31.3,68.6,31.4,35.7,27.8,62.0,30.3,2.7,2.0,0.2,2.8,27.8,33.1,45860.0,25.67,OH,None
191,OH-4,34.6,65.4,R,58.94,85.7,Jim,Jordan,2006.0,1964,Man,No,30.7,64.3,42.0,56.0,43.7,54.4,32.0,68.0,70.8,61.5,90.4,5.1,2.5,0.5,0.2,1.2,17.9,18.1,52632.0,58.94,OH,None
192,OH-5,35.0,62.5,R,61.01,95.7,Bob,Latta,2007.0,1956,Man,No,34.6,59.7,44.1,53.9,46.0,52.2,29.1,70.9,23.3,59.4,91.7,2.8,3.7,0.9,0.1,0.8,26.2,26.1,57171.0,61.01,OH,None
193,OH-6,30.7,69.3,R,68.57,98.9,Bill,Johnson,2010.0,1954,Man,No,26.7,69.3,42.7,55.2,44.7,53.1,29.3,70.7,77.5,53.3,95.5,2.3,0.7,0.3,0.2,1.0,15.9,16.1,46839.0,68.57,OH,None
194,OH-7,41.1,58.9,R,55.72,96.8,Bob,Gibbs,2010.0,1954,Man,No,32.8,62.5,44.2,53.7,46.9,50.9,29.0,64.0,62.2,56.4,93.2,3.7,1.3,0.4,0.1,1.2,20.9,21.1,53374.0,55.72,OH,None
195,OH-8,33.2,66.8,R,66.73,87.0,Warren,Davidson,2016.0,1970,Man,No,30.6,65.1,36.4,61.9,38.1,60.3,27.0,68.8,90.3,100.0,90.3,5.5,1.6,1.1,0.1,1.4,23.8,24.1,58213.0,66.73,OH,None
196,OH-9,67.6,32.4,D,71.08,22.2,Marcy,Kaptur,1982.0,1946,Woman,No,58.7,36.5,67.6,30.9,66.8,31.6,68.7,31.3,71.3,24.0,74.3,14.7,8.3,0.9,0.2,1.6,21.6,24.6,41417.0,28.92,OH,None
197,OK-2,30.1,65.0,R,62.31,93.4,Markwayne,Mullin,2012.0,1977,Man,No,22.8,72.9,32.2,67.8,34.3,65.7,23.2,70.6,84.3,59.9,70.2,3.5,2.6,0.5,14.9,8.2,17.0,17.8,40770.0,62.31,OK,None
198,OK-3,26.1,73.9,R,71.32,98.9,Frank,Lucas,1994.0,1960,Man,No,20.9,73.6,26.1,73.9,27.1,72.9,21.7,78.3,61.9,79.0,80.6,3.8,5.3,1.0,5.3,4.0,22.9,24.5,47724.0,71.32,OK,None
199,OK-4,33.0,63.1,R,65.93,98.9,Tom,Cole,2002.0,1949,Man,No,28.3,65.7,32.9,67.1,33.9,66.1,26.1,69.6,43.3,71.1,76.5,6.5,5.6,1.7,4.5,5.1,25.5,26.7,55183.0,65.93,OK,None
200,OK-5,50.7,49.3,R,53.52,93.5,Steve,Russell,2014.0,1963,Man,No,39.8,53.2,40.8,59.2,40.8,59.2,36.8,57.1,64.6,61.2,68.8,13.9,6.5,2.2,4.3,4.3,30.1,35.0,49616.0,53.52,OK,None
201,SC-2,42.5,56.3,R,58.76,98.9,Joe,Wilson,2001.0,1947,Man,No,38.6,56.3,39.4,59.1,39.4,59.5,35.9,60.2,63.6,100.0,71.5,22.9,2.6,1.4,0.2,1.4,33.5,36.0,57253.0,58.76,SC,None
202,SC-3,31.0,67.8,R,63.76,90.2,Jeff,Duncan,2010.0,1966,Man,No,29.0,67.0,33.9,64.5,35.1,63.5,27.1,72.8,64.0,66.7,78.2,18.5,1.8,0.6,0.2,0.8,22.0,25.2,45042.0,63.76,SC,None
203,SC-5,41.5,57.0,R,57.22,86.4,Ralph,Norman,2017.0,1953,Man,No,38.8,57.3,43.6,55.1,43.8,55.0,38.7,59.2,61.8,55.6,68.8,26.7,2.3,0.8,0.4,1.1,23.0,27.3,48743.0,57.22,SC,None
204,SC-6,70.1,28.2,D,72.68,17.6,Jim,Clyburn,1992.0,1940,Man,No,66.8,30.3,70.9,28.1,70.1,28.9,70.1,27.6,0.0,0.0,39.6,56.3,2.0,0.7,0.3,1.2,19.6,27.7,35296.0,27.32,SC,None
205,SC-7,40.1,59.8,R,60.09,95.7,Tom,Rice,2012.0,1957,Man,No,39.1,58.0,44.4,54.5,45.3,53.6,38.9,61.0,38.6,55.6,68.4,27.9,1.7,0.7,0.6,0.8,20.1,23.2,43146.0,60.09,SC,None
207,TN-1,21.0,77.1,R,73.31,95.7,Phil,Roe,2008.0,1945,Man,No,19.7,76.7,25.7,72.7,28.6,69.9,15.4,78.4,33.3,79.3,94.8,2.1,1.3,0.5,0.3,1.1,19.4,19.8,41006.0,73.31,TN,None
208,TN-3,34.5,63.7,R,63.5,97.8,Chuck,Fleischmann,2010.0,1962,Man,No,30.2,65.4,35.1,63.3,37.3,61.3,28.8,66.4,76.0,63.4,85.7,10.4,1.6,0.9,0.3,1.1,22.7,23.5,43938.0,63.5,TN,None
209,TN-4,33.6,63.4,R,58.83,91.4,Scott,DesJarlais,2010.0,1964,Man,No,27.4,68.6,33.1,65.3,35.8,62.6,35.0,65.0,100.0,55.8,86.0,8.3,2.3,1.0,0.2,2.0,22.6,23.0,50598.0,58.83,TN,None
210,TN-5,67.8,32.2,D,68.51,38.0,Jim,Cooper,2002.0,1954,Man,No,56.5,38.2,55.9,42.5,57.5,41.3,62.6,37.4,63.3,33.4,68.5,25.1,3.0,1.7,0.3,1.3,37.5,43.6,54470.0,31.49,TN,None
211,TN-8,30.1,67.6,R,68.38,93.5,David,Kustoff,2016.0,1966,Man,No,30.7,66.3,32.9,66.1,34.9,64.1,25.1,68.8,89.3,70.6,76.8,19.3,1.7,1.2,0.2,0.8,27.6,28.9,54145.0,68.38,TN,None
212,TN-9,79.9,19.3,D,76.77,16.3,Steve,Cohen,2006.0,1949,Man,No,77.5,19.8,78.4,20.9,77.0,22.5,78.7,18.9,64.6,24.1,29.2,66.4,2.1,1.1,0.1,1.0,24.1,38.2,39761.0,23.23,TN,None
213,TX-1,26.3,72.3,R,70.95,82.0,Louie,Gohmert,2004.0,1953,Man,No,25.3,72.2,27.5,71.6,30.5,69.0,24.1,73.9,61.4,72.6,71.3,18.5,8.2,0.8,0.4,0.9,20.9,24.7,45313.0,70.95,TX,None
214,TX-10,46.9,50.9,R,53.85,98.9,Michael,McCaul,2004.0,1962,Man,No,43.2,52.3,38.8,59.1,42.7,56.4,38.4,57.3,72.2,62.5,65.6,11.2,17.7,4.0,0.2,1.3,38.7,45.5,73476.0,53.85,TX,None
215,TX-11,18.4,80.2,R,78.44,98.9,Mike,Conaway,2004.0,1948,Man,No,19.1,77.8,19.6,79.2,23.2,76.1,0.0,89.5,50.9,80.9,65.9,3.7,28.4,0.7,0.3,1.0,20.4,26.3,50602.0,78.44,TX,None
216,TX-12,33.9,64.3,R,65.61,97.7,Kay,Granger,1996.0,1943,Woman,No,32.7,62.9,31.7,66.8,35.5,63.7,26.9,69.4,56.5,72.7,72.4,8.4,14.8,2.7,0.4,1.3,29.9,34.3,62214.0,65.61,TX,None
217,TX-13,17.0,81.4,R,80.04,97.8,Mac,Thornberry,1994.0,1958,Man,No,16.9,79.9,18.5,80.2,22.3,77.0,0.0,90.0,40.4,100.0,73.8,5.5,17.5,1.3,0.6,1.3,20.4,24.7,50150.0,80.04,TX,None
218,TX-14,39.2,59.3,R,58.38,93.3,Randy,Weber,2012.0,1953,Man,No,38.4,58.2,39.5,59.3,42.2,57.1,38.1,61.9,31.4,54.5,59.0,20.9,16.4,2.4,0.3,1.0,22.7,28.4,58103.0,58.38,TX,None
219,TX-15,60.0,38.5,D,65.49,33.7,Vicente,González,2016.0,1967,Man,No,56.7,40.0,57.4,41.5,57.4,41.9,57.3,37.7,72.1,37.7,23.1,2.4,72.8,1.2,0.2,0.4,19.8,31.1,41947.0,34.51,TX,None
220,TX-17,41.7,56.4,R,58.92,98.9,Bill,Flores,2010.0,1954,Man,No,38.8,56.3,37.7,60.4,41.0,58.1,35.2,60.8,31.0,100.0,65.6,13.3,16.6,2.9,0.2,1.4,29.4,36.3,50888.0,58.92,TX,None
221,TX-18,75.2,20.8,D,76.3,15.2,Shelia,Jackson Lee,1994.0,1950,Woman,No,76.5,20.0,76.1,22.8,76.7,22.9,73.5,23.6,45.0,23.1,23.6,46.4,25.0,3.9,0.1,1.0,22.4,49.6,42662.0,23.7,TX,None
222,TX-19,24.7,75.3,R,76.82,96.7,Jodey,Arrington,2016.0,1972,Man,No,23.5,72.5,25.0,73.6,28.0,71.3,0.0,86.7,45.3,100.0,62.5,6.0,29.0,1.0,0.4,1.1,22.4,30.8,47875.0,76.82,TX,None
223,TX-22,46.4,51.4,R,51.53,96.7,Pete,Olson,2008.0,1962,Man,No,44.2,52.1,36.7,62.1,38.8,60.5,40.5,59.5,61.5,66.7,49.7,14.5,19.5,14.7,0.3,1.3,45.1,46.6,87901.0,51.53,TX,None
224,TX-23,48.7,49.2,R,51.88,95.7,Will,Hurd,2014.0,1977,Man,No,49.8,46.4,48.1,50.7,50.0,49.4,47.0,48.3,100.0,47.5,31.8,3.8,62.0,1.2,0.4,0.8,21.7,38.4,51293.0,51.88,TX,None
225,TX-24,47.5,50.7,R,56.88,95.6,Kenny,Marchant,2004.0,1951,Man,No,44.5,50.7,38.0,60.4,40.7,58.6,39.3,56.2,60.7,62.9,63.3,11.6,14.5,8.4,0.3,1.8,44.7,50.9,70454.0,56.88,TX,None
226,TX-25,44.7,53.6,R,52.76,92.4,Roger,Williams,2012.0,1949,Man,No,40.2,55.1,37.8,59.9,42.8,56.2,37.7,58.3,37.0,60.9,74.9,7.1,13.5,2.3,0.3,1.8,37.2,41.4,69083.0,52.76,TX,None
227,TX-26,39.0,59.4,R,63.48,95.6,Michael,Burgess,2002.0,1950,Man,No,34.4,60.9,30.7,67.6,35.0,64.3,29.6,66.4,19.0,70.4,74.4,7.5,12.0,3.9,0.4,1.8,44.2,46.7,87272.0,63.48,TX,None
228,TX-27,36.6,60.3,R,61.7,100.0,Michael,Cloud,2018.0,1974/1975,,No,36.5,60.1,38.2,60.5,40.2,59.1,38.3,61.7,43.4,59.1,47.3,5.4,45.2,1.1,0.2,0.8,20.3,29.3,53047.0,61.7,TX,None
229,TX-31,47.6,50.7,R,53.74,97.8,John,Carter,2002.0,1941,Man,No,40.8,53.5,38.3,59.6,42.8,56.2,36.5,58.4,26.9,63.7,64.8,11.2,18.3,3.4,0.3,2.0,34.3,38.3,69228.0,53.74,TX,None
230,TX-32,52.2,45.9,R,49.8,97.8,Pete,Sessions,2002.0,1955,Man,No,48.5,46.6,41.5,57.0,44.0,55.3,0.0,71.1,69.5,59.6,63.8,13.0,14.2,6.7,0.2,2.0,43.4,55.7,70119.0,49.8,TX,None
231,TX-33,76.1,21.9,D,74.12,21.1,Marc,Veasey,2012.0,1971,Man,No,72.9,23.7,72.0,27.1,68.7,30.7,73.7,26.3,56.8,26.2,27.0,24.4,44.9,2.5,0.3,0.9,9.3,24.3,38445.0,25.88,TX,None
232,TX-34,60.0,40.0,D,68.2,23.6,Filemon,Vela,2012.0,1963,Man,No,59.2,37.7,60.8,38.3,60.2,39.2,62.7,37.3,59.3,36.9,20.4,1.7,77.1,0.5,0.1,0.2,15.1,26.1,37989.0,31.8,TX,None
233,TX-35,71.2,26.1,D,69.19,15.1,Lloyd,Doggett,1994.0,1946,Man,No,64.1,30.5,63.0,34.6,63.5,35.6,63.1,31.6,65.0,33.4,34.2,10.6,52.4,1.3,0.2,1.2,20.4,34.3,48490.0,30.81,TX,None
234,TX-36,27.4,72.6,R,70.55,95.6,Brian,Babin,2014.0,1948,Man,No,25.2,72.0,25.7,73.2,29.6,69.6,0.0,88.6,63.9,72.7,71.6,9.5,15.6,1.7,0.4,1.2,19.4,21.7,58984.0,70.55,TX,None
235,TX-4,23.0,75.7,R,74.79,91.4,John,Ratcliffe,2014.0,1965,Man,No,21.8,75.4,24.8,74.0,29.4,69.9,0.0,88.0,47.1,75.2,79.6,10.7,6.9,0.7,0.6,1.5,22.1,24.3,52481.0,74.79,TX,None
236,TX-7,52.3,47.7,R,49.81,97.8,John,Culberson,2000.0,1956,Man,No,48.5,47.1,38.6,59.9,40.5,58.8,43.8,56.2,68.5,62.5,56.8,14.1,19.0,8.7,0.2,1.3,50.7,61.5,71183.0,49.81,TX,None
237,TX-8,24.8,73.5,R,76.0,98.9,Kevin,Brady,1996.0,1955,Man,No,23.9,72.7,21.7,77.0,26.2,73.2,0.0,100.0,62.0,79.2,74.9,9.0,12.4,2.2,0.3,1.2,30.2,32.5,64861.0,76.0,TX,None
238,UT-1,24.4,62.2,R,61.05,95.6,Rob,Bishop,2002.0,1951,Man,No,22.4,49.7,20.4,77.4,29.4,67.7,26.4,65.9,59.4,74.3,87.3,0.9,7.9,1.6,0.9,1.3,28.9,31.3,65896.0,61.05,UT,None
239,UT-2,37.3,57.9,R,54.44,94.4,Chris,Stewart,2012.0,1960,Man,No,32.0,46.0,29.2,68.0,38.4,58.5,33.9,61.6,42.8,65.0,85.7,0.9,8.4,2.7,0.9,1.3,32.5,35.3,60700.0,54.44,UT,None
240,UT-3,26.9,68.2,R,64.31,95.2,John,Curtis,2017.0,1960,Man,No,23.3,47.2,19.5,78.3,29.5,67.5,26.5,73.5,59.1,76.6,88.8,0.5,5.9,1.9,1.4,1.6,41.6,44.0,70763.0,64.31,UT,None
241,UT-4,50.3,49.7,R,49.04,95.7,Mia,Love,2014.0,1975,Woman,No,32.4,39.1,30.2,67.2,40.9,56.1,41.3,53.8,55.2,49.8,84.4,1.2,9.2,3.3,0.7,1.2,28.2,31.2,68711.0,49.04,UT,None
242,WV-1,35.4,64.6,R,62.64,97.8,David,McKinley,2010.0,1947,Man,No,26.4,68.0,35.5,62.2,41.5,56.7,31.0,69.0,58.4,62.5,95.0,2.4,0.9,0.6,0.2,0.9,23.5,23.1,45611.0,62.64,WV,None
243,WV-2,43.0,54.0,R,53.69,84.9,Alex,Mooney,2014.0,1971,Man,No,29.4,65.8,38.0,60.0,43.9,54.7,41.8,58.2,38.8,69.8,92.5,3.8,1.3,0.6,0.2,1.6,21.5,21.1,48358.0,53.69,WV,None
244,WI-3,59.7,40.3,D,61.9,31.9,Ron,Kind,1996.0,1963,Man,No,44.8,49.3,54.8,43.8,59.4,39.1,98.9,0.0,32.9,35.9,94.8,1.0,1.3,1.5,0.5,0.8,25.4,25.8,52154.0,38.1,WI,None
245,WI-4,75.5,21.9,D,75.87,10.1,Gwen,Moore,2004.0,1951,Woman,No,74.0,21.8,75.3,23.8,74.4,24.6,76.7,0.0,60.6,25.6,52.6,32.8,9.7,2.6,0.5,1.8,27.4,39.9,41816.0,24.13,WI,None
246,WI-5,38.0,62.0,R,59.4,88.2,Jim,Sensenbrenner,1978.0,1943,Man,No,37.3,57.4,37.7,61.3,41.8,57.2,29.3,66.7,60.1,67.9,92.4,1.8,3.3,1.4,0.2,0.8,36.9,36.9,68162.0,59.4,WI,None
247,WI-6,44.5,55.5,R,55.69,93.5,Glenn,Grothman,2014.0,1955,Man,No,38.8,55.7,45.8,53.1,49.4,49.3,37.3,57.2,60.9,62.2,93.6,1.5,2.3,1.4,0.5,0.7,26.4,26.8,57129.0,55.69,WI,None
248,WI-7,38.5,60.2,R,58.94,94.4,Sean,Duffy,2010.0,1971,Man,No,37.3,57.7,47.8,50.9,53.2,45.3,38.3,61.7,59.7,56.2,94.6,0.5,1.2,1.0,1.8,0.9,23.1,23.4,51738.0,58.94,WI,None
249,WI-8,36.3,63.7,R,60.91,94.6,Mike,Gallagher,2016.0,1984,Man,No,38.6,56.2,47.6,51.3,53.7,45.0,37.3,62.6,63.1,56.0,92.3,1.0,2.2,1.4,2.1,1.0,25.4,26.0,57888.0,60.91,WI,None
250,WY-1,29.8,63.6,R,63.15,95.7,Liz,Cheney,2016.0,1966,Woman,No,22.5,70.1,28.0,69.2,32.7,65.2,30.0,62.0,60.8,74.3,88.4,0.9,6.9,0.6,1.8,1.5,27.1,28.5,59882.0,63.15,WY,None
251,AK-1,45.8,53.7,R,51.39,93.5,Don,Young,1973.0,1933,Man,No,37.6,52.8,41.2,55.3,38.1,59.7,36.0,50.3,51.0,69.1,67.9,3.1,5.4,5.0,13.0,5.6,29.6,36.7,76440.0,51.39,AK,Rec
252,CA-1,44.7,55.3,R,53.02,96.7,Doug,LaMalfa,2012.0,1960,Man,No,36.5,56.2,40.3,56.6,41.8,53.0,40.9,59.1,61.0,57.4,82.7,1.5,9.4,2.2,1.5,2.7,23.7,25.7,47488.0,53.02,CA,Rec
253,CA-10,51.3,48.7,R,47.54,97.8,Jeff,Denham,2010.0,1967,Man,No,48.5,45.5,50.6,47.0,49.9,47.2,48.3,51.7,56.1,52.7,55.6,3.5,30.8,6.8,0.5,2.8,16.6,21.0,60235.0,47.54,CA,Rec
254,CA-11,73.2,26.8,D,78.55,8.8,Mark,DeSaulnier,2014.0,1952,Man,No,71.5,22.7,67.6,30.0,68.8,28.4,72.1,27.9,32.7,30.3,57.6,9.5,16.0,13.3,0.3,3.4,43.6,56.5,86000.0,21.45,CA,Rec
255,CA-12,86.8,13.2,D,90.84,19.3,Nancy,Pelosi,1986.0,1940,Woman,No,86.2,8.7,84.1,12.5,83.8,12.8,80.9,0.0,16.7,14.9,49.5,5.7,11.0,30.7,0.2,3.0,59.5,78.1,105918.0,9.16,CA,Rec
256,CA-14,77.5,22.5,D,83.57,19.3,Jackie,Speier,2008.0,1950,Woman,No,76.9,18.2,74.2,23.6,73.4,23.6,80.9,19.1,23.3,21.1,42.9,3.6,17.3,33.2,0.2,2.7,47.5,56.9,103850.0,16.43,CA,Rec
257,CA-15,72.2,27.8,D,77.48,22.8,Eric,Swalwell,2012.0,1980,Man,No,69.9,24.2,68.0,29.8,67.0,30.1,73.8,26.2,30.2,0.0,43.9,7.0,17.1,28.7,0.3,3.0,45.0,47.1,106291.0,22.52,CA,Rec
258,CA-16,56.6,43.4,D,58.38,47.1,Jim,Costa,2004.0,1952,Man,No,58.0,36.4,58.6,39.4,57.1,39.9,58.0,42.0,49.3,42.6,34.6,7.6,46.1,9.3,0.6,1.8,12.2,21.3,40207.0,41.62,CA,Rec
259,CA-17,75.1,24.9,D,80.17,14.3,Ro,Khanna,2016.0,1976,Man,No,73.9,20.5,71.9,25.5,68.6,27.6,100.0,0.0,0.0,26.5,34.5,3.1,14.2,45.4,0.3,2.5,57.0,54.4,121150.0,19.83,CA,Rec
260,CA-18,73.7,26.3,D,78.76,18.2,Anna,Eshoo,1992.0,1942,Woman,No,73.4,20.2,68.2,28.9,69.8,26.9,71.1,28.9,32.2,29.5,65.2,2.0,11.7,18.3,0.2,2.6,61.5,65.1,125790.0,21.24,CA,Rec
261,CA-19,73.4,26.6,D,86.22,17.4,Zoe,Lofgren,1994.0,1947,Woman,No,72.9,21.5,71.2,26.5,67.5,28.8,73.9,26.1,0.0,26.8,34.2,3.4,30.9,28.7,0.3,2.5,35.5,48.8,93139.0,13.78,CA,Rec
262,CA-2,74.8,25.2,D,81.07,14.6,Jared,Huffman,2012.0,1964,Man,No,69.0,23.3,69.0,27.0,71.4,25.4,76.9,23.1,25.0,28.8,80.6,1.6,9.7,3.4,1.8,2.9,40.8,45.9,66604.0,18.93,CA,Rec
263,CA-21,49.0,51.0,R,53.15,98.9,David,Valadao,2012.0,1977,Man,No,55.2,39.7,54.6,43.5,51.5,45.7,43.3,56.7,57.8,57.8,29.1,6.3,58.7,3.8,0.7,1.5,7.9,19.5,41174.0,53.15,CA,Rec
264,CA-22,46.0,54.0,R,55.23,98.9,Devin,Nunes,2002.0,1973,Man,No,42.6,52.1,41.6,56.6,42.3,55.3,32.4,67.6,72.0,61.9,51.7,3.2,35.6,7.1,0.5,1.8,24.1,31.6,56524.0,55.23,CA,Rec
265,CA-23,34.9,65.1,R,64.65,98.9,Kevin,McCarthy,2006.0,1965,Man,No,36.1,58.1,36.1,61.5,36.2,60.9,30.8,69.2,74.8,100.0,57.1,6.6,29.1,4.4,0.7,2.1,20.8,24.6,54437.0,64.65,CA,Rec
266,CA-24,56.6,43.4,D,58.48,36.0,Salud,Carbajal,2016.0,1964,Man,No,56.7,36.5,54.1,43.1,56.2,40.7,53.4,46.6,48.1,44.9,68.0,2.2,22.7,4.5,0.4,2.2,34.0,44.8,68929.0,41.52,CA,Rec
267,CA-25,52.6,47.4,R,48.79,98.9,Steve,Knight,2014.0,1966,Man,No,50.3,43.6,47.8,49.7,48.7,48.1,46.9,53.1,100.0,54.8,52.4,8.1,29.0,7.7,0.3,2.5,27.8,33.3,75367.0,48.79,CA,Rec
268,CA-26,60.1,39.9,D,67.44,31.5,Julia,Brownley,2012.0,1952,Woman,No,57.9,36.0,54.0,43.7,56.1,41.0,60.4,39.6,48.7,47.3,57.0,2.1,32.0,6.6,0.3,2.0,34.1,46.3,76914.0,32.56,CA,Rec
269,CA-28,77.4,22.6,D,81.81,21.5,Adam,Schiff,2000.0,1960,Man,No,72.1,22.3,70.3,26.5,70.1,26.3,78.0,22.0,0.0,23.5,62.1,3.3,19.9,12.1,0.2,2.5,46.2,51.6,63940.0,18.19,CA,Rec
270,CA-29,79.7,20.3,D,81.23,16.9,Tony,Cardenas,2012.0,1963,Man,No,77.7,16.8,77.0,20.5,73.8,22.5,100.0,0.0,25.4,0.0,28.3,5.4,55.3,9.4,0.3,1.2,19.2,34.5,50655.0,18.77,CA,Rec
271,CA-3,57.3,42.7,D,65.3,27.2,John,Garamendi,2009.0,1945,Man,No,53.0,40.4,54.3,43.1,54.9,42.3,59.4,40.6,47.3,45.8,58.8,6.8,19.6,10.5,0.8,3.5,25.1,28.5,61508.0,34.7,CA,Rec
272,CA-30,72.5,27.5,D,77.29,18.7,Brad,Sherman,1996.0,1954,Man,No,69.1,25.7,65.3,32.1,65.8,30.9,72.6,27.4,34.4,0.0,59.7,5.2,21.0,11.5,0.2,2.4,42.4,49.3,76778.0,22.71,CA,Rec
273,CA-31,56.9,43.1,D,63.17,26.4,Pete,Aguilar,2014.0,1979,Man,No,57.7,36.6,57.2,40.6,55.6,40.7,56.1,43.9,48.3,100.0,35.2,12.0,43.3,7.2,0.3,2.1,22.7,33.7,58668.0,36.83,CA,Rec
274,CA-32,67.4,32.6,D,83.18,14.1,Grace,Napolitano,1998.0,1936,Woman,No,66.6,27.7,65.2,32.5,62.0,34.5,100.0,0.0,40.3,34.3,22.6,3.5,54.3,18.1,0.3,1.3,21.4,30.6,67101.0,16.82,CA,Rec
275,CA-33,69.2,30.8,D,73.71,18.6,Ted,Lieu,2014.0,1969,Man,No,67.8,26.5,60.6,36.8,64.1,32.9,66.4,33.6,40.8,46.0,71.1,2.9,11.0,11.9,0.2,2.9,65.4,68.1,101956.0,26.29,CA,Rec
276,CA-35,67.4,32.6,D,74.48,25.3,Norma,Torres,2014.0,1965,Woman,No,67.7,26.9,67.4,30.6,64.1,32.3,72.4,27.6,0.0,0.0,21.8,8.8,59.8,7.3,0.3,2.0,16.1,23.8,57159.0,25.52,CA,Rec
277,CA-36,57.1,42.9,D,62.52,35.9,Raul,Ruiz,2012.0,1972,Man,No,52.2,43.4,50.7,47.5,50.1,47.0,62.1,37.9,45.8,47.1,55.8,4.6,34.4,3.1,0.6,1.5,20.6,29.8,44567.0,37.48,CA,Rec
278,CA-37,88.7,11.3,D,90.64,10.7,Karen,Bass,2010.0,1953,Woman,No,85.7,9.6,84.9,12.7,84.3,12.8,100.0,0.0,15.7,13.6,32.3,29.5,25.7,10.0,0.2,2.4,36.9,66.6,55190.0,9.36,CA,Rec
279,CA-38,67.5,32.5,D,72.34,14.4,Linda,Sánchez,2002.0,1969,Woman,No,67.0,27.4,64.9,33.0,61.1,35.2,70.5,29.5,40.9,32.5,22.8,4.4,55.4,15.9,0.4,1.1,23.5,25.6,66421.0,27.66,CA,Rec
280,CA-4,45.3,54.7,R,53.2,81.5,Tom,McClintock,2008.0,1956,Man,No,39.3,54.0,39.5,57.9,42.9,54.2,37.3,62.7,100.0,61.1,82.3,1.3,9.1,4.0,0.9,2.4,33.3,33.7,74074.0,53.2,CA,Rec
281,CA-41,61.1,38.9,D,68.0,16.5,Mark,Takano,2012.0,1960,Man,Gay,61.0,33.1,61.5,36.3,58.5,38.0,65.0,35.0,43.4,41.0,33.6,11.2,46.6,6.1,0.4,2.0,18.3,28.2,62069.0,32.0,CA,Rec
282,CA-42,41.1,58.9,R,57.78,98.9,Ken,Calvert,1992.0,1953,Man,No,41.4,53.4,41.4,56.5,43.0,53.9,41.2,58.8,65.7,60.6,52.2,5.9,30.0,9.0,0.4,2.5,25.0,27.4,76504.0,57.78,CA,Rec
283,CA-43,76.4,23.6,D,78.97,9.8,Maxine,Waters,1990.0,1938,Woman,No,78.4,16.7,78.0,20.0,75.2,21.8,76.1,23.9,29.0,0.0,20.6,28.7,33.9,13.8,0.2,2.8,26.5,46.2,54614.0,21.03,CA,Rec
284,CA-45,50.1,49.9,R,48.94,98.9,Mimi,Walters,2014.0,1962,Woman,No,49.8,44.4,43.0,54.8,46.3,50.6,41.4,58.6,65.1,58.5,60.9,1.9,14.2,20.4,0.2,2.5,56.0,56.5,97356.0,48.94,CA,Rec
285,CA-46,66.2,33.8,D,72.88,36.6,Lou,Correa,2016.0,1958,Man,No,66.3,27.9,61.4,36.2,57.8,38.6,100.0,0.0,40.3,36.1,31.6,2.2,47.8,16.8,0.2,1.3,18.7,31.0,61304.0,27.12,CA,Rec
286,CA-47,63.5,36.5,D,68.25,15.4,Alan,Lowenthal,2012.0,1941,Man,No,62.6,31.0,60.0,37.5,57.9,38.6,63.7,36.3,44.0,43.4,41.5,8.3,24.7,22.5,0.4,2.6,32.0,43.2,65450.0,31.75,CA,Rec
287,CA-48,52.3,47.7,R,49.45,83.7,Dana,Rohrabacher,1988.0,1947,Man,No,47.9,46.2,43.0,54.7,45.9,50.8,41.7,58.3,64.1,61.0,64.1,1.3,14.3,18.0,0.3,2.1,44.6,52.2,88903.0,49.45,CA,Rec
288,CA-50,47.0,53.0,R,52.16,94.5,Duncan,Hunter,2008.0,1976,Man,No,39.6,54.6,37.6,60.4,39.1,58.0,36.5,63.5,71.2,67.7,67.3,2.9,20.8,5.7,0.8,2.5,28.2,33.5,71692.0,52.16,CA,Rec
289,CA-51,68.9,31.1,D,74.25,14.3,Juan,Vargas,2012.0,1961,Man,No,71.8,22.8,69.4,28.9,65.0,31.7,72.8,27.2,31.2,28.5,20.7,8.5,59.3,9.4,0.5,1.5,14.1,26.6,46639.0,25.75,CA,Rec
290,CA-52,62.8,37.2,D,64.89,34.1,Scott,Peters,2012.0,1958,Man,No,58.1,35.6,52.1,45.7,54.6,42.5,56.5,43.5,48.4,48.8,66.0,3.2,11.9,15.9,0.3,2.7,57.4,61.2,90854.0,35.11,CA,Rec
291,CA-53,67.4,32.6,D,69.21,19.6,Susan,Davis,2000.0,1944,Woman,No,64.5,29.6,61.4,36.4,60.7,36.4,67.0,33.0,41.2,38.6,48.9,8.3,26.6,12.9,0.3,3.0,37.8,48.1,69314.0,30.79,CA,Rec
292,CA-7,54.3,45.7,D,58.98,37.6,Ami,Bera,2012.0,1965,Man,No,52.3,40.9,50.8,46.8,51.4,45.9,51.2,48.8,49.6,48.3,61.6,7.6,13.0,13.7,0.5,3.5,32.9,34.1,68735.0,41.02,CA,Rec
293,CA-9,55.4,44.6,D,64.31,17.8,Jerry,McNerney,2006.0,1951,Man,No,56.6,38.0,57.8,40.1,56.3,40.8,57.4,42.6,47.6,44.4,45.7,9.7,27.3,13.9,0.4,3.0,19.1,24.4,61454.0,35.69,CA,Rec
294,CO-1,73.8,23.1,D,71.46,11.5,Diana,DeGette,1996.0,1957,Woman,No,69.0,23.2,69.0,28.8,70.9,27.6,67.9,27.7,29.0,28.2,68.9,8.2,18.0,2.5,0.6,1.9,47.6,60.5,62718.0,28.54,CO,Rec
295,CO-3,43.5,51.6,R,50.93,95.6,Scott,Tipton,2010.0,1956,Man,No,40.0,52.0,45.8,51.8,48.4,49.9,40.3,54.6,58.0,56.5,77.6,0.8,18.3,0.7,1.4,1.2,29.2,34.0,50817.0,50.93,CO,Rec
296,CO-4,39.2,60.8,R,56.67,87.9,Ken,Buck,2014.0,1959,Man,No,34.3,57.4,39.2,58.5,41.9,56.4,31.7,63.5,64.7,61.4,80.1,1.3,15.5,1.3,0.6,1.3,34.9,39.4,67878.0,56.67,CO,Rec
297,CO-5,39.2,57.2,R,56.14,93.5,Doug,Lamborn,2006.0,1954,Man,No,33.2,57.2,38.3,59.1,39.7,58.8,30.9,62.3,59.8,100.0,77.6,5.4,11.6,2.2,0.4,2.8,37.0,40.9,62372.0,56.14,CO,Rec
298,CO-6,54.1,42.9,R,44.39,95.7,Mike,Coffman,2008.0,1955,Man,No,50.2,41.3,51.6,46.5,53.6,44.9,42.6,50.9,51.9,51.1,72.3,8.5,12.3,4.4,0.4,2.1,41.8,49.4,76451.0,44.39,CO,Rec
299,CO-7,60.4,35.5,D,62.49,27.2,Ed,Perlmutter,2006.0,1953,Man,No,51.4,39.4,56.1,41.3,57.4,40.7,55.2,39.8,44.9,43.3,74.3,1.4,19.7,2.7,0.5,1.4,32.5,39.2,66063.0,37.51,CO,Rec
300,MA-2,67.6,32.4,D,71.18,12.1,Jim,McGovern,1996.0,1959,Man,No,56.2,36.8,58.7,39.2,60.2,37.3,98.2,0.0,31.3,0.0,85.2,3.3,7.0,3.3,0.2,1.1,38.4,39.4,64868.0,28.82,MA,Rec
301,MA-5,76.0,24.0,D,76.81,14.9,Katherine,Clark,2013.0,1963,Woman,No,69.3,25.7,65.2,33.1,66.2,32.1,98.6,0.0,19.7,24.4,82.0,3.7,5.8,7.0,0.1,1.4,57.4,59.6,92268.0,23.19,MA,Rec
302,MA-6,65.2,31.4,D,66.94,22.0,Seth,Moulton,2014.0,1978,Man,No,56.1,38.2,54.7,43.9,56.9,41.4,98.4,0.0,63.6,49.4,89.0,2.3,5.0,2.8,0.1,0.9,44.0,46.2,84913.0,33.06,MA,Rec
303,MA-9,59.3,40.7,D,62.21,28.6,Bill,Keating,2010.0,1952,Man,No,52.5,41.8,55.5,43.1,57.8,40.6,55.7,33.6,57.9,35.4,91.9,2.3,3.3,1.0,0.2,1.3,35.9,37.5,68173.0,37.79,MA,Rec
304,NV-1,66.2,30.9,D,66.27,13.5,Dina,Titus,2012.0,1950,Woman,No,61.6,32.6,65.6,32.4,64.5,33.0,61.9,28.8,31.5,33.2,48.0,12.5,27.3,9.1,0.5,2.5,15.2,19.6,38000.0,33.73,NV,Rec
305,NV-2,41.8,58.2,R,59.35,98.9,Mark,Amodei,2011.0,1958,Man,No,39.7,52.0,44.8,52.9,49.4,48.2,36.9,58.3,63.3,61.4,77.3,1.9,13.0,3.8,2.1,1.9,25.5,28.9,58214.0,59.35,NV,Rec
306,OR-1,63.6,32.2,D,65.49,18.5,Suzanne,Bonamici,2012.0,1954,Woman,No,57.3,34.5,57.3,40.0,59.6,37.7,59.6,37.0,24.8,35.7,82.5,1.6,7.1,5.6,0.5,2.8,41.1,43.3,72097.0,34.51,OR,Rec
307,OR-2,39.2,56.5,R,57.06,98.9,Greg,Walden,1998.0,1957,Man,No,36.4,56.5,40.5,56.8,43.3,53.8,28.0,71.7,77.1,70.2,87.7,0.6,7.0,0.9,1.6,2.3,23.8,25.8,49837.0,57.06,OR,Rec
308,OR-3,72.6,19.9,D,74.3,17.0,Earl,Blumenauer,1996.0,1948,Man,No,70.7,22.5,72.0,24.7,72.9,24.3,71.8,0.0,66.5,21.0,80.3,4.6,5.7,5.8,0.6,3.1,41.2,45.4,63231.0,25.7,OR,Rec
309,OR-4,56.0,40.9,D,58.51,22.7,Peter,DeFazio,1986.0,1947,Man,No,46.1,46.0,51.7,45.0,54.2,42.7,55.5,39.7,49.8,39.8,89.5,0.7,4.3,1.6,1.1,2.8,26.7,26.9,46749.0,41.49,OR,Rec
310,OR-5,55.0,41.9,D,53.13,31.5,Kurt,Schrader,2008.0,1951,Man,No,48.3,44.1,50.5,47.1,53.0,44.2,53.5,43.0,65.0,44.0,85.3,0.9,8.0,2.5,0.8,2.5,30.0,32.4,60395.0,46.87,OR,Rec
311,VA-1,44.7,55.2,R,57.1,90.1,Rob,Wittman,2007.0,1959,Man,No,41.2,53.6,43.4,55.3,44.9,54.3,36.6,59.9,71.2,63.1,73.3,16.7,5.3,2.4,0.4,1.9,37.5,41.2,81338.0,57.1,VA,None
312,VA-10,56.1,43.7,R,46.13,97.8,Barbara,Comstock,2014.0,1959,Woman,No,52.2,42.2,48.8,49.9,51.2,48.4,46.9,52.7,40.0,60.1,72.5,7.2,7.1,10.9,0.3,2.1,54.3,56.7,120384.0,46.13,VA,None
313,VA-11,71.1,26.9,D,67.17,25.0,Gerry,Connolly,2008.0,1950,Man,No,66.9,27.5,62.5,36.3,62.5,37.1,87.9,0.0,38.4,36.8,58.2,13.5,10.8,14.7,0.1,2.8,55.5,66.5,106554.0,32.83,VA,None
314,VA-2,51.0,48.8,R,51.26,97.8,Scott,Taylor,2016.0,1979,Man,No,45.4,48.8,48.2,50.5,49.0,50.1,38.5,61.3,68.1,58.4,68.0,19.3,5.5,4.4,0.3,2.4,34.4,38.5,66953.0,51.26,VA,None
315,VA-4,62.5,36.1,D,62.58,19.1,Donald,McEachin,2016.0,1961,Man,No,58.7,37.1,60.3,38.5,60.7,38.6,57.7,42.0,58.1,38.8,52.1,41.5,2.8,1.6,0.3,1.8,30.1,37.8,54607.0,37.42,VA,None
316,VA-7,50.3,48.4,R,49.07,89.1,Dave,Brat,2014.0,1964,Man,No,44.0,50.5,44.1,54.6,45.7,53.5,42.2,57.5,62.8,60.8,73.2,18.4,3.5,3.0,0.2,1.6,39.0,43.1,73580.0,49.07,VA,None
317,VA-8,76.1,23.7,D,75.94,18.2,Don,Beyer,2014.0,1950,Man,No,73.5,20.9,67.8,31.0,68.2,30.5,68.4,27.3,74.8,32.1,64.1,13.6,10.0,9.8,0.2,2.4,61.8,77.1,100719.0,24.06,VA,None
318,VA-9,34.8,65.2,R,60.17,88.9,Morgan,Griffith,2010.0,1958,Man,No,27.3,68.8,34.9,63.1,40.2,58.4,28.3,68.6,34.3,61.4,91.8,5.4,1.1,0.8,0.1,0.8,20.4,20.0,41698.0,60.17,VA,None
319,WA-1,59.3,40.7,D,64.09,21.7,Suzan,DelBene,2012.0,1963,Woman,No,54.1,37.8,54.1,43.3,56.3,41.9,55.4,44.6,43.4,46.1,83.8,1.1,4.8,6.7,1.0,2.5,43.4,41.5,91018.0,35.91,WA,Rec
320,WA-10,61.4,38.6,D,65.38,22.8,Denny,Heck,2012.0,1952,Man,No,51.3,39.9,56.3,41.1,57.2,41.0,58.7,41.3,30.7,41.4,74.6,6.1,6.9,6.8,1.3,4.3,28.7,30.9,62206.0,34.62,WA,Rec
321,WA-3,47.2,52.8,R,51.95,91.3,Jaime,Herrera Beutler,2010.0,1978,Woman,No,42.5,49.9,47.9,49.6,50.9,47.1,38.2,61.8,63.5,60.4,87.6,1.4,4.5,3.0,0.8,2.8,25.4,25.8,61304.0,51.95,WA,Rec
322,WA-4,35.5,64.5,R,61.38,96.6,Dan,Newhouse,2014.0,1955,Man,No,35.1,57.9,37.9,59.7,39.2,58.9,0.0,100.0,62.0,66.2,72.6,1.1,20.4,1.3,2.6,2.0,20.1,26.4,52484.0,61.38,WA,Rec
323,WA-5,45.1,54.9,R,52.28,97.8,Cathy,McMorris Rodgers,2004.0,1969,Woman,No,39.1,52.2,43.7,53.5,46.3,51.2,40.4,59.6,33.0,61.9,88.5,1.4,4.1,1.9,1.4,2.6,30.4,30.9,51697.0,52.28,WA,Rec
324,WA-6,63.8,36.2,D,66.91,27.2,Derek,Kilmer,2012.0,1974,Man,No,51.8,39.5,56.1,41.2,57.0,40.9,61.5,38.5,57.4,41.0,82.5,3.5,4.6,3.8,1.7,3.9,29.7,31.6,60616.0,33.09,WA,Rec
325,WA-7,83.5,16.5,D,84.49,9.8,Pramila,Jayapal,2016.0,1965,Woman,No,82.1,12.2,79.2,18.1,80.4,18.0,100.0,0.0,61.0,20.3,78.1,3.5,5.0,8.8,0.6,4.1,61.0,64.5,84579.0,15.51,WA,Rec
